Data/AUCoding/AU_OCC/M016_T7.csv,0,0,0,0,180,184,0,250,224,170,0,190,31,129,30,0,9,49,0,22,11,0,25,0,8,0,0,0,0,0,0,0,0,0,0,
Data/AUCoding/AU_OCC/F014_T6.csv,63,65,63,63,423,423,238,423,423,423,63,423,113,409,72,63,63,407,103,132,63,63,63,63,63,63,63,63,63,63,63,63,63,63,7,
Data/AUCoding/AU_OCC/F077_T6.csv,10,53,0,0,103,0,0,175,106,214,0,43,11,140,131,0,0,0,0,54,0,0,0,0,0,0,0,0,0,0,0,0,0,0,0,
Data/AUCoding/AU_OCC/M043_T6.csv,0,0,0,0,19,90,0,28,21,0,0,49,22,117,27,0,0,0,9,0,38,0,0,0,0,0,0,0,0,0,0,0,0,0,0,
Data/AUCoding/AU_OCC/F041_T7.csv,0,0,6,0,85,119,6,119,119,119,0,7,0,26,6,0,0,0,0,5,0,0,0,0,0,0,0,0,0,0,0,0,0,0,0,
Data/AUCoding/AU_OCC/F022_T7.csv,0,0,0,0,150,332,0,205,0,115,0,348,11,45,56,0,0,0,7,138,0,0,0,0,0,0,0,0,0,0,0,0,0,0,0,
Data/AUCoding/AU_OCC/M008_T7.csv,0,0,0,0,30,251,0,128,0,160,0,23,32,20,133,0,0,0,0,0,0,0,0,0,0,0,0,0,0,0,0,0,0,0,0,
Data/AUCoding/AU_OCC/M020_T6.csv,6,6,0,0,205,343,0,251,134,197,0,249,166,0,36,0,0,0,98,91,115,0,0,0,0,0,0,0,0,0,0,0,0,0,0,
Data/AUCoding/AU_OCC/F069_T6.csv,22,32,13,0,290,304,0,366,281,377,0,360,0,244,22,0,0,0,0,33,0,0,0,0,0,0,0,0,0,0,0,0,0,0,0,
Data/AUCoding/AU_OCC/F018_T6.csv,0,0,0,0,375,375,0,375,375,375,0,375,0,369,0,0,0,292,0,14,0,0,0,0,0,0,0,0,0,0,0,0,0,0,0,
Data/AUCoding/AU_OCC/M004_T7.csv,46,52,56,18,390,516,31,516,346,516,18,436,41,182,32,18,18,18,18,61,18,18,18,18,18,18,18,18,18,18,18,18,18,18,2,
Data/AUCoding/AU_OCC/M051_T6.csv,0,0,0,0,375,368,0,350,199,372,0,322,40,341,27,0,0,299,0,51,16,0,0,0,322,0,0,0,0,0,0,0,0,0,0,
Data/AUCoding/AU_OCC/F030_T7.csv,0,5,42,0,186,251,0,230,242,100,0,218,188,0,147,0,0,0,0,112,27,0,17,0,0,0,0,0,0,0,0,0,0,0,0,
Data/AUCoding/AU_OCC/F053_T7.csv,113,93,24,68,115,207,16,156,122,189,0,251,113,40,83,0,0,54,0,118,59,0,33,0,0,16,55,0,0,0,0,0,25,31,0,
Data/AUCoding/AU_OCC/F065_T6.csv,139,146,0,0,108,124,0,213,153,182,0,261,51,135,44,0,22,44,26,92,0,0,28,0,15,0,0,0,0,0,0,0,0,0,0,
Data/AUCoding/AU_OCC/F006_T6.csv,20,38,0,0,179,376,0,308,196,376,0,337,12,229,7,0,0,137,0,234,0,0,0,0,0,0,0,0,0,0,0,0,0,0,0,
Data/AUCoding/AU_OCC/M032_T7.csv,120,108,0,0,93,125,0,120,0,84,0,251,26,98,0,0,0,0,0,0,0,0,0,0,0,0,0,0,0,0,0,0,0,0,0,
Data/AUCoding/AU_OCC/M032_T6.csv,0,0,0,0,238,312,0,280,211,229,0,227,59,145,43,12,0,140,0,30,0,0,0,0,0,0,0,0,0,0,0,0,0,0,0,
Data/AUCoding/AU_OCC/F006_T7.csv,0,0,0,0,80,90,0,113,69,97,0,128,0,0,108,0,0,0,0,51,0,0,0,0,0,0,0,0,0,0,0,0,0,0,0,
Data/AUCoding/AU_OCC/F065_T7.csv,0,0,6,0,147,171,0,251,92,151,0,238,55,20,18,0,0,0,0,21,7,0,0,0,0,0,0,0,0,0,0,0,0,0,0,
Data/AUCoding/AU_OCC/F053_T6.csv,10,10,11,0,334,366,16,235,0,312,0,357,129,124,119,0,23,0,0,146,0,0,0,0,0,0,0,0,0,0,0,0,0,0,0,
Data/AUCoding/AU_OCC/M051_T7.csv,21,17,19,0,28,37,8,13,0,11,0,172,0,27,0,0,0,16,0,0,8,0,0,0,0,0,0,0,0,0,0,0,0,0,0,
Data/AUCoding/AU_OCC/F030_T6.csv,113,73,56,28,321,376,0,336,313,166,0,376,158,134,55,0,9,56,5,132,0,0,0,0,0,0,0,0,0,0,0,0,0,0,0,
Data/AUCoding/AU_OCC/F018_T7.csv,0,0,0,0,0,17,0,54,0,0,0,83,0,9,140,0,0,0,0,0,0,0,0,0,0,0,0,0,0,0,0,0,0,0,0,
Data/AUCoding/AU_OCC/M020_T7.csv,0,0,0,0,103,187,0,179,173,190,0,227,24,0,0,0,0,12,0,0,186,0,0,0,17,0,0,0,0,0,0,0,6,0,0,
Data/AUCoding/AU_OCC/F069_T7.csv,27,21,19,0,158,252,0,252,237,252,0,252,0,92,5,0,0,72,10,14,0,0,0,0,0,0,8,0,0,0,0,0,0,0,0,
Data/AUCoding/AU_OCC/M004_T6.csv,0,0,0,0,501,501,0,501,0,501,0,473,29,318,99,0,0,11,22,121,0,0,0,0,0,0,0,0,0,0,0,0,0,0,0,
Data/AUCoding/AU_OCC/M008_T6.csv,0,0,0,0,376,350,20,376,0,367,0,74,148,148,62,0,0,6,0,111,0,0,0,0,0,0,0,0,0,0,0,0,0,0,0,
Data/AUCoding/AU_OCC/F041_T6.csv,82,103,0,49,375,375,41,358,307,375,0,375,158,183,77,38,0,45,28,96,0,0,0,0,58,0,0,0,0,0,0,0,0,7,0,
Data/AUCoding/AU_OCC/F014_T7.csv,0,0,0,0,156,251,0,205,57,251,0,230,145,0,207,0,0,0,0,163,16,0,0,0,0,0,0,0,0,0,0,0,0,0,0,
Data/AUCoding/AU_OCC/F077_T7.csv,0,6,20,3,18,52,14,78,18,87,0,0,0,0,0,0,0,0,0,0,9,0,0,0,0,0,0,0,0,0,0,0,0,0,0,
Data/AUCoding/AU_OCC/M043_T7.csv,17,0,13,0,30,24,9,36,50,45,0,17,20,0,26,0,0,5,0,14,10,0,45,0,8,0,0,0,0,0,0,0,52,0,0,
Data/AUCoding/AU_OCC/F022_T6.csv,0,0,0,0,376,376,0,376,175,376,0,376,37,140,58,2,4,153,38,133,6,0,0,0,0,0,0,0,0,0,0,0,6,126,0,
Data/AUCoding/AU_OCC/M016_T6.csv,161,182,0,63,76,85,0,201,57,58,0,169,16,189,102,0,6,0,9,69,4,0,0,0,0,0,0,0,0,0,0,0,122,0,0,
Data/AUCoding/AU_OCC/F081_T8.csv,48,58,0,0,0,0,0,132,0,0,0,93,0,0,192,0,25,0,0,28,22,0,80,0,0,0,0,0,0,0,0,0,0,0,0,
Data/AUCoding/AU_OCC/F056_T8.csv,0,0,0,0,0,0,0,0,0,0,0,18,0,0,76,0,0,0,0,0,10,0,0,0,0,0,0,0,0,0,0,0,0,0,0,
Data/AUCoding/AU_OCC/F051_T1.csv,8,8,0,0,377,377,0,377,294,351,0,377,0,305,0,0,0,0,0,42,0,0,0,0,0,0,0,0,0,0,0,0,0,0,0,
Data/AUCoding/AU_OCC/M018_T1.csv,0,0,0,0,35,376,0,185,0,163,0,0,0,53,0,0,0,0,6,0,0,0,0,0,0,0,0,0,0,0,0,0,0,0,0,
Data/AUCoding/AU_OCC/F048_T8.csv,0,0,0,0,0,0,0,18,0,0,0,342,0,0,49,0,0,0,0,61,93,0,32,0,0,0,0,0,0,0,0,0,32,0,0,
Data/AUCoding/AU_OCC/M001_T8.csv,0,0,0,0,0,89,0,21,0,0,0,151,0,15,57,0,0,0,0,65,81,0,48,0,0,0,0,0,0,0,0,0,87,85,0,
Data/AUCoding/AU_OCC/M006_T1.csv,0,0,0,0,464,449,0,469,208,469,0,467,52,221,20,0,0,33,0,39,0,0,0,0,25,0,15,0,0,0,0,0,0,0,0,
Data/AUCoding/AU_OCC/F035_T8.csv,0,0,269,0,0,223,0,0,0,0,0,262,0,0,0,0,0,0,0,262,0,0,0,0,0,116,0,0,0,0,0,0,0,0,0,
Data/AUCoding/AU_OCC/F032_T1.csv,0,0,0,0,320,319,0,313,166,295,0,375,0,150,61,0,0,84,0,181,0,0,37,0,0,0,0,0,0,0,0,0,0,0,0,
Data/AUCoding/AU_OCC/F043_T1.csv,638,636,441,441,559,589,441,722,595,556,441,744,441,636,441,441,441,461,441,490,441,441,441,441,441,441,441,441,441,441,441,441,441,441,49,
Data/AUCoding/AU_OCC/F044_T8.csv,0,0,4,0,46,133,0,30,0,14,0,310,0,0,29,0,0,0,0,80,0,0,0,0,0,0,0,0,0,0,0,0,0,0,0,
Data/AUCoding/AU_OCC/M013_T8.csv,216,216,255,216,279,456,272,289,261,255,216,269,216,351,223,220,216,249,218,223,216,216,216,216,269,216,216,216,216,216,216,216,216,216,24,
Data/AUCoding/AU_OCC/F039_T8.csv,13,0,159,0,24,375,25,178,73,80,0,334,35,88,104,0,0,22,0,72,282,0,251,0,83,0,0,0,0,0,0,0,7,47,0,
Data/AUCoding/AU_OCC/M014_T1.csv,0,0,23,0,279,303,102,303,294,303,0,297,124,0,0,11,0,131,0,54,11,0,10,0,0,0,0,0,0,0,0,0,0,0,0,
Data/AUCoding/AU_OCC/F027_T8.csv,68,27,81,125,0,78,0,0,0,0,0,9,0,5,0,0,0,0,0,0,0,68,0,0,0,0,0,0,0,0,0,0,0,0,0,
Data/AUCoding/AU_OCC/F020_T1.csv,0,0,0,0,239,253,0,243,172,242,0,45,35,176,54,0,0,30,7,25,14,0,0,0,0,0,0,0,0,0,0,0,0,0,0,
Data/AUCoding/AU_OCC/F072_T8.csv,0,0,0,0,0,0,0,0,0,0,0,0,19,0,0,0,0,0,0,0,144,0,0,0,0,0,0,0,0,0,0,0,0,0,0,
Data/AUCoding/AU_OCC/M041_T1.csv,48,57,32,0,372,376,15,376,376,376,0,376,74,74,113,0,0,66,17,123,12,0,0,0,0,0,0,0,0,0,0,0,0,0,0,
Data/AUCoding/AU_OCC/F075_T1.csv,30,0,26,0,377,377,172,377,377,377,0,86,0,249,4,0,0,216,0,58,0,0,0,0,0,0,0,0,0,0,0,0,0,0,0,
Data/AUCoding/AU_OCC/M046_T8.csv,100,0,0,0,0,37,0,0,0,0,0,69,0,0,0,0,0,13,0,104,0,0,0,0,62,0,0,0,0,0,0,0,0,0,0,
Data/AUCoding/AU_OCC/M025_T8.csv,0,0,0,0,0,0,0,0,0,0,0,0,0,0,0,0,0,0,0,0,0,0,0,0,0,0,0,0,0,0,0,0,0,0,0,
Data/AUCoding/AU_OCC/M022_T1.csv,18,22,0,0,236,294,0,295,201,187,0,293,0,0,8,0,0,0,0,201,0,0,0,0,0,0,0,0,0,0,0,0,0,0,0,
Data/AUCoding/AU_OCC/M058_T8.csv,0,0,0,0,0,0,0,0,0,0,0,0,0,0,0,0,0,0,0,0,0,0,0,0,0,0,0,0,0,0,0,0,0,0,0,
Data/AUCoding/AU_OCC/F008_T1.csv,0,0,0,0,261,501,18,501,0,501,0,0,21,484,16,0,0,205,0,52,0,0,4,0,0,0,52,0,0,0,0,0,0,0,0,
Data/AUCoding/AU_OCC/F016_T1.csv,180,180,180,180,338,528,180,343,180,389,180,426,180,248,284,180,180,255,186,332,195,180,180,180,180,180,180,180,180,180,180,180,180,180,20,
Data/AUCoding/AU_OCC/F067_T1.csv,36,0,65,0,182,353,0,315,326,375,0,353,145,269,106,4,54,70,20,184,7,0,0,0,120,0,43,0,0,0,0,0,0,0,0,
Data/AUCoding/AU_OCC/F060_T8.csv,0,0,0,11,0,233,0,12,0,0,0,142,0,0,43,0,0,0,0,7,68,0,77,0,0,0,0,0,0,0,0,0,0,0,0,
Data/AUCoding/AU_OCC/M029_T8.csv,0,0,0,0,0,78,0,0,0,0,0,0,0,0,0,0,0,0,0,79,0,0,0,0,0,0,0,0,0,0,0,0,0,0,0,
Data/AUCoding/AU_OCC/F011_T8.csv,204,16,36,0,0,0,0,22,0,23,0,24,0,145,158,0,0,0,0,24,0,0,0,0,0,0,0,0,0,0,0,0,0,0,0,
Data/AUCoding/AU_OCC/M054_T8.csv,0,0,0,0,0,4,0,0,0,0,0,16,0,6,7,0,0,0,0,0,0,0,9,0,0,0,0,0,0,0,0,0,0,0,0,
Data/AUCoding/AU_OCC/F079_T1.csv,30,41,0,0,315,376,0,314,296,323,0,73,102,186,51,0,0,239,8,23,9,0,0,0,30,0,0,0,0,0,0,0,17,0,0,
Data/AUCoding/AU_OCC/M053_T1.csv,0,0,0,0,161,172,0,283,162,286,0,35,0,0,6,0,0,13,0,30,0,0,0,0,0,0,0,0,0,0,0,0,0,0,0,
Data/AUCoding/AU_OCC/M037_T8.csv,0,0,0,0,0,0,0,0,0,0,0,0,0,0,0,0,0,0,0,0,0,0,0,0,0,0,0,0,0,0,0,0,0,0,0,
Data/AUCoding/AU_OCC/M030_T1.csv,0,0,0,0,193,201,0,239,147,266,0,0,0,95,0,0,0,0,9,0,0,0,0,0,0,57,0,0,0,0,0,0,0,0,0,
Data/AUCoding/AU_OCC/F003_T8.csv,0,0,0,0,0,255,0,377,377,0,0,0,0,0,0,0,0,0,0,75,0,0,0,0,0,21,0,0,0,0,0,0,0,0,0,
Data/AUCoding/AU_OCC/M016_T1.csv,22,23,0,0,0,0,0,281,281,281,0,281,18,174,90,0,0,123,5,0,0,0,0,0,0,0,0,0,0,0,0,0,0,0,0,
Data/AUCoding/AU_OCC/F004_T1.csv,0,13,0,0,376,376,0,376,343,376,0,376,26,0,15,0,0,0,0,65,79,0,0,0,0,0,0,0,0,0,0,0,0,0,0,
Data/AUCoding/AU_OCC/M011_T8.csv,0,0,0,0,81,337,0,367,64,376,0,0,0,337,0,0,0,0,0,11,0,0,0,0,0,0,0,0,0,0,0,0,0,0,0,
Data/AUCoding/AU_OCC/F025_T8.csv,0,0,0,0,0,0,0,0,0,0,0,375,0,0,63,0,0,0,0,71,40,0,48,0,0,0,0,0,0,0,0,0,0,0,0,
Data/AUCoding/AU_OCC/F058_T8.csv,0,0,184,0,33,377,0,37,7,0,0,183,168,0,39,0,0,0,0,51,184,0,170,0,161,0,0,0,0,0,0,0,12,0,0,
Data/AUCoding/AU_OCC/M008_T1.csv,0,0,0,0,314,375,0,375,39,375,0,103,66,131,45,0,0,0,0,42,0,0,0,0,0,0,0,0,0,0,0,0,0,0,0,
Data/AUCoding/AU_OCC/F041_T1.csv,0,0,0,0,282,327,0,335,271,265,0,375,0,173,34,0,0,107,0,54,0,0,0,0,0,0,0,0,0,0,0,0,0,0,0,
Data/AUCoding/AU_OCC/F022_T1.csv,0,0,0,0,272,315,0,301,118,254,0,384,6,30,59,0,16,85,0,262,115,0,25,0,0,0,0,0,0,0,0,0,0,88,0,
Data/AUCoding/AU_OCC/F046_T8.csv,269,0,14,0,179,187,0,81,62,89,0,176,16,0,0,0,0,0,0,107,188,0,0,0,0,0,0,0,0,0,0,0,0,0,0,
Data/AUCoding/AU_OCC/M003_T8.csv,0,0,0,0,0,501,0,0,0,0,0,0,0,0,0,0,0,0,0,13,0,0,0,0,0,0,0,0,0,0,0,0,0,0,0,
Data/AUCoding/AU_OCC/F030_T1.csv,0,107,77,0,275,344,65,344,299,344,0,302,122,35,41,0,5,246,3,90,27,0,0,0,0,0,0,0,0,0,0,0,0,6,0,
Data/AUCoding/AU_OCC/F037_T8.csv,0,0,376,0,376,376,0,376,182,0,0,206,0,0,376,0,0,0,0,18,27,0,0,0,0,0,0,0,0,0,0,0,0,0,0,
Data/AUCoding/AU_OCC/M004_T1.csv,0,0,0,0,360,445,0,397,299,329,0,446,20,75,104,0,28,0,0,108,3,0,20,0,0,0,0,0,0,0,0,0,0,0,0,
Data/AUCoding/AU_OCC/F054_T8.csv,54,0,99,0,46,88,50,47,0,0,0,335,0,0,30,0,0,0,0,0,11,0,0,0,0,0,0,0,0,0,0,0,0,0,0,
Data/AUCoding/AU_OCC/F053_T1.csv,21,45,0,0,329,376,0,311,310,340,0,96,38,303,60,0,13,21,0,44,23,0,35,0,0,0,0,0,0,0,0,0,0,0,0,
Data/AUCoding/AU_OCC/F029_T8.csv,97,26,137,0,375,375,60,375,375,375,0,375,28,15,189,0,0,0,0,170,100,0,0,0,0,0,0,0,0,0,0,0,0,0,0,
Data/AUCoding/AU_OCC/F001_T8.csv,1096,1096,1122,1089,1131,1140,1115,1117,1096,1107,1089,1146,1131,1089,1129,1089,1089,1089,1093,1120,1089,1089,1089,1089,1089,1089,1089,1089,1089,1089,1089,1089,1089,1089,121,
Data/AUCoding/AU_OCC/M032_T1.csv,0,0,0,0,228,365,0,366,225,366,0,363,0,313,0,0,0,329,0,224,0,0,0,0,0,0,0,0,0,0,0,0,0,0,0,
Data/AUCoding/AU_OCC/M035_T8.csv,0,0,0,0,0,376,0,376,16,376,0,36,0,114,0,0,0,28,0,16,13,0,0,0,0,0,0,0,0,0,0,0,0,0,0,
Data/AUCoding/AU_OCC/F006_T1.csv,24,18,6,0,288,319,0,304,231,308,0,276,16,258,31,5,0,89,12,43,0,0,0,0,0,0,0,0,0,0,0,0,0,0,0,
Data/AUCoding/AU_OCC/F062_T8.csv,25,6,0,0,92,250,0,0,0,57,0,250,0,0,178,0,0,0,0,0,7,0,0,0,0,0,0,0,0,0,0,0,0,0,0,
Data/AUCoding/AU_OCC/F065_T1.csv,21,17,0,0,358,363,0,359,358,361,0,376,84,150,0,0,0,0,0,69,11,0,0,0,0,0,0,0,0,0,0,0,0,0,0,
Data/AUCoding/AU_OCC/M048_T8.csv,0,0,7,0,0,0,0,0,0,0,0,24,0,0,0,0,0,0,0,7,0,0,0,0,0,0,0,0,0,0,0,0,0,0,0,
Data/AUCoding/AU_OCC/F018_T1.csv,0,0,0,0,327,334,0,315,186,347,0,328,0,198,39,0,0,210,7,91,0,0,0,0,0,0,0,0,0,0,0,0,0,0,0,
Data/AUCoding/AU_OCC/M056_T8.csv,0,0,0,0,0,0,0,0,0,0,0,0,0,0,0,0,0,0,0,19,0,0,0,0,0,0,20,0,0,0,0,0,0,0,0,
Data/AUCoding/AU_OCC/M051_T1.csv,0,6,0,0,217,272,0,296,200,267,0,237,0,0,0,0,0,0,7,40,0,0,0,0,0,0,0,0,0,0,0,0,0,0,0,
Data/AUCoding/AU_OCC/M020_T1.csv,23,0,0,0,176,254,0,171,168,183,0,248,16,0,29,0,0,0,0,42,288,0,50,0,0,0,0,0,0,0,0,0,0,0,0,
Data/AUCoding/AU_OCC/M027_T8.csv,0,0,0,0,0,0,16,0,0,0,0,43,8,0,12,0,8,0,0,8,11,0,8,0,36,0,0,0,0,0,0,0,0,0,0,
Data/AUCoding/AU_OCC/F069_T1.csv,0,0,0,0,367,367,0,369,355,376,0,363,0,113,16,0,0,7,0,0,0,0,0,0,0,0,0,0,0,0,0,0,0,0,0,
Data/AUCoding/AU_OCC/F013_T8.csv,0,0,178,0,193,375,89,375,375,317,0,375,256,315,39,0,3,279,31,114,0,0,0,0,0,0,0,0,0,0,0,0,0,0,0,
Data/AUCoding/AU_OCC/F014_T1.csv,0,0,0,0,298,375,30,334,306,336,0,335,184,139,155,0,0,92,10,220,0,0,0,0,0,0,0,0,0,0,0,0,0,0,0,
Data/AUCoding/AU_OCC/M039_T8.csv,27,37,0,0,74,106,0,92,29,58,0,91,21,50,3,0,0,0,13,27,0,0,0,0,0,0,0,0,0,0,0,0,11,0,0,
Data/AUCoding/AU_OCC/F070_T8.csv,0,0,0,0,0,0,0,0,0,0,0,0,0,0,0,0,0,0,0,0,0,0,0,0,0,0,0,0,0,0,0,0,0,0,0,
Data/AUCoding/AU_OCC/F077_T1.csv,0,0,19,0,332,332,0,377,259,377,0,181,0,232,50,0,0,0,0,126,0,0,0,0,0,0,0,0,0,0,0,0,0,0,0,
Data/AUCoding/AU_OCC/F051_T7.csv,20,16,0,0,248,252,0,252,252,252,0,252,104,3,147,0,0,0,0,11,47,0,0,0,0,0,0,0,0,0,0,0,13,0,0,
Data/AUCoding/AU_OCC/M044_T8.csv,0,0,0,0,0,5,0,0,0,0,0,26,0,189,22,0,0,0,0,22,14,0,0,0,0,0,0,0,0,0,0,0,0,0,0,
Data/AUCoding/AU_OCC/M018_T7.csv,9,9,0,0,213,250,6,153,197,149,0,250,0,0,9,0,0,0,0,8,6,0,0,0,0,0,0,0,0,0,0,0,0,0,0,
Data/AUCoding/AU_OCC/M043_T1.csv,0,0,0,0,164,240,0,224,241,282,0,263,46,82,11,0,0,0,0,25,4,0,0,0,0,0,0,0,0,0,0,11,0,0,0,
Data/AUCoding/AU_OCC/F004_T6.csv,11,11,0,0,376,376,0,376,259,376,0,336,20,0,5,0,34,97,0,142,0,0,0,0,0,0,0,0,0,0,0,0,0,0,0,
Data/AUCoding/AU_OCC/M030_T6.csv,41,41,0,0,148,309,0,376,150,376,0,27,0,159,33,0,0,0,0,39,0,0,0,0,0,0,0,0,0,0,0,0,0,0,0,
Data/AUCoding/AU_OCC/F079_T6.csv,23,19,19,0,376,376,19,376,362,376,0,115,37,267,24,0,0,37,12,11,0,0,0,0,14,0,0,0,0,0,0,0,25,0,0,
Data/AUCoding/AU_OCC/M053_T6.csv,0,0,0,0,229,259,0,369,350,370,0,97,0,0,0,0,0,0,43,29,0,0,0,0,0,0,0,0,0,0,0,0,0,0,0,
Data/AUCoding/AU_OCC/M006_T7.csv,11,16,0,0,501,501,0,501,440,501,0,501,30,210,34,0,0,0,0,58,11,0,0,0,0,0,0,0,0,0,0,0,0,0,0,
Data/AUCoding/AU_OCC/F032_T7.csv,68,0,23,0,206,248,11,117,89,184,0,248,0,0,0,0,0,0,0,156,0,0,0,0,0,0,0,0,0,0,0,0,0,0,0,
Data/AUCoding/AU_OCC/F043_T7.csv,193,186,18,0,54,148,14,169,0,177,0,25,4,118,4,0,0,0,0,26,0,0,0,0,0,0,0,0,0,0,0,0,0,0,0,
Data/AUCoding/AU_OCC/F067_T6.csv,53,46,0,24,305,311,10,349,305,376,0,368,97,292,81,5,26,214,25,112,0,0,0,0,114,0,0,0,0,0,0,0,35,9,0,
Data/AUCoding/AU_OCC/F016_T6.csv,24,0,0,0,112,376,0,126,122,165,0,335,0,299,38,0,0,0,6,119,0,0,0,0,0,0,0,0,0,0,0,0,0,0,0,
Data/AUCoding/AU_OCC/M014_T7.csv,229,238,222,211,419,419,231,419,389,414,198,419,198,198,219,198,198,198,204,241,205,198,198,198,198,198,198,198,198,198,198,198,198,198,22,
Data/AUCoding/AU_OCC/M022_T6.csv,146,130,0,30,136,193,0,29,221,177,0,195,0,63,96,13,0,48,0,156,28,0,0,0,0,0,0,0,0,0,0,0,0,53,0,
Data/AUCoding/AU_OCC/M041_T6.csv,46,18,70,0,376,376,26,354,358,363,0,376,168,0,0,4,0,0,21,106,9,0,0,0,110,0,0,0,0,0,0,0,0,14,0,
Data/AUCoding/AU_OCC/F020_T7.csv,0,21,12,0,110,122,0,127,62,251,0,37,59,108,57,0,0,37,0,113,14,0,0,0,6,0,0,0,0,0,0,0,0,0,0,
Data/AUCoding/AU_OCC/F008_T6.csv,30,71,0,0,502,502,22,502,0,502,0,502,29,455,55,0,0,332,0,96,0,0,0,0,0,0,0,0,0,0,0,0,0,0,0,
Data/AUCoding/AU_OCC/F075_T6.csv,3,3,70,0,321,365,138,365,350,374,0,369,69,311,21,0,57,297,36,65,0,0,0,0,71,0,0,0,0,0,0,0,0,0,0,
Data/AUCoding/AU_OCC/F075_T7.csv,167,0,49,18,211,251,45,251,251,251,0,251,220,11,77,0,0,61,23,203,33,0,0,0,19,0,0,0,0,0,0,0,0,0,0,
Data/AUCoding/AU_OCC/F020_T6.csv,20,0,0,0,363,363,0,363,337,363,0,24,27,350,3,0,0,135,4,12,0,0,0,0,0,0,0,0,0,0,0,0,0,0,0,
Data/AUCoding/AU_OCC/M041_T7.csv,230,245,47,0,250,250,0,250,250,250,0,234,0,0,23,0,0,17,0,24,11,0,0,0,0,0,0,0,0,0,0,0,0,0,0,
Data/AUCoding/AU_OCC/M014_T6.csv,63,63,73,63,335,400,59,423,282,351,63,349,255,116,89,68,144,145,114,208,88,63,63,63,92,63,63,63,63,63,63,68,116,101,7,
Data/AUCoding/AU_OCC/M022_T7.csv,49,5,0,0,166,201,0,251,0,29,0,251,0,0,0,0,0,0,0,30,0,0,0,0,0,0,0,0,0,0,0,0,0,0,0,
Data/AUCoding/AU_OCC/F016_T7.csv,0,0,0,0,32,39,0,33,13,29,0,47,0,45,0,0,0,9,0,0,0,0,0,0,0,0,0,0,0,0,0,0,0,0,0,
Data/AUCoding/AU_OCC/F008_T7.csv,0,3,13,0,329,500,0,485,485,500,0,500,227,455,6,0,0,336,0,53,0,0,0,0,0,0,0,0,0,0,0,0,0,0,0,
Data/AUCoding/AU_OCC/F067_T7.csv,0,0,0,0,130,208,0,197,117,194,0,250,76,103,28,31,0,79,18,44,36,0,23,0,106,0,0,0,0,0,0,0,0,0,0,
Data/AUCoding/AU_OCC/F043_T6.csv,224,229,4,0,362,373,27,291,278,329,0,377,108,222,61,14,0,113,5,103,0,0,0,0,102,0,0,0,0,0,0,0,0,43,0,
Data/AUCoding/AU_OCC/M053_T7.csv,26,33,0,0,108,89,0,150,105,120,0,19,19,0,13,0,18,0,0,13,0,0,20,0,0,0,0,0,0,0,0,0,29,0,0,
Data/AUCoding/AU_OCC/F032_T6.csv,89,0,0,0,179,377,0,285,144,181,0,340,0,125,95,0,30,34,0,62,6,0,43,0,0,0,0,0,0,0,0,0,0,0,0,
Data/AUCoding/AU_OCC/M006_T6.csv,0,0,0,0,359,457,0,461,0,403,0,363,55,151,59,7,0,47,44,142,6,0,0,0,0,0,0,0,0,0,0,0,0,61,0,
Data/AUCoding/AU_OCC/M030_T7.csv,52,163,33,0,19,77,0,51,11,23,0,62,0,15,50,0,0,0,0,0,17,0,0,0,0,0,0,0,0,0,0,0,0,0,0,
Data/AUCoding/AU_OCC/F004_T7.csv,49,235,0,0,48,49,0,250,250,205,0,44,0,61,18,0,0,46,0,0,0,0,0,0,0,0,0,0,0,0,0,0,0,0,0,
Data/AUCoding/AU_OCC/F079_T7.csv,30,32,0,0,250,250,0,250,250,250,0,7,0,215,0,0,0,156,0,0,0,0,0,0,0,0,0,0,0,0,0,0,0,0,0,
Data/AUCoding/AU_OCC/F051_T6.csv,0,0,0,0,375,375,0,375,375,375,0,375,84,266,28,4,0,256,34,49,0,0,0,0,0,0,0,0,0,0,0,0,11,16,0,
Data/AUCoding/AU_OCC/M018_T6.csv,0,0,0,0,159,375,0,375,216,307,0,177,0,252,28,0,0,4,31,130,0,0,0,0,0,0,0,0,0,0,0,0,0,0,0,
Data/AUCoding/AU_OCC/F017_T8.csv,0,0,0,0,36,46,0,123,33,53,0,240,0,0,15,0,0,0,0,22,0,0,0,0,0,26,0,0,0,0,0,0,41,0,0,
Data/AUCoding/AU_OCC/F010_T1.csv,0,0,0,0,0,0,0,0,0,0,0,0,0,0,0,0,0,0,0,0,0,0,0,0,0,0,0,0,0,0,0,0,0,0,0,
Data/AUCoding/AU_OCC/M023_T8.csv,0,0,248,0,40,94,0,108,261,0,0,0,0,0,0,0,0,0,0,17,0,0,0,0,0,0,0,0,0,0,0,0,0,0,0,
Data/AUCoding/AU_OCC/F082_T7.csv,0,0,0,0,83,83,0,83,83,83,0,0,0,53,0,0,0,55,0,0,0,0,0,0,0,0,0,0,0,0,0,0,0,0,0,
Data/AUCoding/AU_OCC/M024_T1.csv,414,414,414,414,497,703,414,607,494,500,414,546,414,546,442,414,414,414,414,453,414,414,414,414,414,414,414,414,414,414,414,414,414,414,46,
Data/AUCoding/AU_OCC/M047_T1.csv,41,56,10,6,222,224,20,262,222,245,0,157,17,13,119,13,27,200,0,136,5,0,74,0,0,0,0,0,0,0,0,0,50,0,0,
Data/AUCoding/AU_OCC/F074_T8.csv,0,0,0,0,0,0,0,0,0,0,0,0,0,0,298,0,0,0,0,0,0,0,0,0,0,26,0,0,0,0,0,0,0,0,0,
Data/AUCoding/AU_OCC/M040_T8.csv,88,101,21,24,86,90,16,140,0,0,0,294,104,0,154,0,0,12,0,74,9,0,0,0,0,0,0,0,0,0,0,0,0,0,0,
Data/AUCoding/AU_OCC/F073_T1.csv,0,0,0,0,255,317,98,326,184,327,0,305,136,116,13,4,0,35,21,129,0,0,51,0,17,0,0,0,0,0,0,0,0,56,0,
Data/AUCoding/AU_OCC/F009_T8.csv,0,0,0,0,88,256,0,74,0,0,0,158,9,17,241,0,0,0,0,207,0,0,0,0,0,0,0,0,0,0,0,0,4,0,0,
Data/AUCoding/AU_OCC/F005_T8.csv,0,0,6,0,10,23,0,376,376,376,0,130,18,202,0,0,0,48,8,29,0,0,0,0,0,0,0,0,0,0,0,0,0,0,0,
Data/AUCoding/AU_OCC/F002_T1.csv,38,45,0,0,125,122,0,304,134,122,0,260,35,159,169,0,0,26,0,94,13,0,0,0,0,0,0,0,0,0,0,0,0,0,0,
Data/AUCoding/AU_OCC/F078_T8.csv,0,0,10,0,0,0,0,0,0,0,0,38,0,0,22,0,0,0,0,0,0,0,0,0,0,0,0,0,0,0,0,0,63,0,0,
Data/AUCoding/AU_OCC/M031_T8.csv,0,0,5,0,92,211,0,112,17,80,0,0,62,229,100,0,0,0,0,105,10,0,0,0,0,0,0,0,0,0,0,0,0,0,0,
Data/AUCoding/AU_OCC/M036_T1.csv,8,0,11,0,370,372,160,367,331,366,0,373,60,213,141,4,0,203,0,92,0,0,0,0,19,0,0,0,0,0,0,0,0,0,0,
Data/AUCoding/AU_OCC/M052_T8.csv,0,0,0,0,0,0,0,4,0,0,0,0,0,0,0,0,0,0,0,0,0,0,0,0,0,0,0,0,0,0,0,0,0,0,0,
Data/AUCoding/AU_OCC/M055_T1.csv,28,49,12,0,305,299,0,0,0,314,0,376,264,202,71,0,11,0,13,68,27,0,0,0,0,0,0,0,0,0,0,0,0,0,0,
Data/AUCoding/AU_OCC/F061_T1.csv,0,0,0,0,342,332,0,377,337,357,0,377,43,235,53,0,0,189,11,60,0,0,0,0,25,0,8,0,0,0,0,0,0,0,0,
Data/AUCoding/AU_OCC/M028_T1.csv,46,46,42,0,88,293,0,119,114,133,0,0,11,97,219,0,0,0,11,13,0,0,0,0,7,0,0,0,0,0,0,0,0,0,0,
Data/AUCoding/AU_OCC/F066_T8.csv,8,0,199,0,170,294,53,377,174,361,0,334,37,42,5,0,5,11,0,30,0,0,0,0,59,0,0,0,0,0,0,0,0,0,0,
Data/AUCoding/AU_OCC/F033_T8.csv,1089,1089,1165,1089,1321,1319,1089,1264,1152,1269,1089,1303,1089,1135,1223,1097,1089,1089,1105,1274,1089,1089,1091,1089,1089,1089,1102,1089,1089,1089,1089,1089,1089,1089,121,
Data/AUCoding/AU_OCC/F034_T1.csv,10,16,0,0,284,353,0,350,241,248,0,375,0,0,133,0,0,0,0,41,19,0,10,0,0,0,0,0,0,0,0,0,0,0,0,
Data/AUCoding/AU_OCC/F049_T1.csv,0,0,12,0,281,312,0,277,239,234,0,270,81,174,9,0,0,71,0,39,0,0,21,0,0,0,0,0,0,0,0,0,0,0,0,
Data/AUCoding/AU_OCC/M007_T8.csv,0,0,0,0,0,0,0,0,0,0,0,0,0,0,0,0,0,0,0,0,0,0,0,0,0,0,0,0,0,0,0,0,0,0,0,
Data/AUCoding/AU_OCC/F050_T8.csv,375,10,375,0,375,375,0,375,0,38,0,84,0,0,11,0,0,0,0,64,15,0,0,0,0,0,0,0,0,0,0,0,0,0,0,
Data/AUCoding/AU_OCC/F057_T1.csv,0,0,0,0,293,288,0,376,266,376,72,376,21,99,16,95,0,94,0,221,0,0,0,0,19,0,0,0,0,0,0,0,0,0,0,
Data/AUCoding/AU_OCC/M019_T8.csv,0,7,23,0,47,214,7,0,0,78,0,184,22,0,146,0,14,0,0,155,0,0,34,0,0,0,0,0,0,0,0,0,0,0,0,
Data/AUCoding/AU_OCC/F021_T8.csv,0,0,0,0,0,0,0,0,0,0,0,32,0,0,0,0,0,0,0,36,0,0,0,0,0,0,0,0,0,0,0,0,0,0,0,
Data/AUCoding/AU_OCC/F026_T1.csv,0,0,0,0,310,315,0,312,202,311,0,377,30,0,16,0,0,137,0,60,0,0,0,0,0,0,0,0,0,0,0,0,0,0,0,
Data/AUCoding/AU_OCC/F082_T6.csv,0,0,0,0,335,338,0,334,0,338,0,9,124,99,8,0,0,0,0,42,0,0,0,0,0,0,0,0,0,0,0,0,0,0,0,
Data/AUCoding/AU_OCC/M015_T8.csv,0,0,0,0,0,0,0,0,0,0,0,0,0,0,376,0,0,0,0,0,0,0,0,0,0,0,0,0,0,0,0,0,0,0,0,
Data/AUCoding/AU_OCC/M012_T1.csv,0,0,0,0,159,377,0,377,242,377,0,377,106,240,10,0,6,28,0,57,0,0,0,0,0,0,0,0,0,0,0,0,0,0,0,
Data/AUCoding/AU_OCC/F038_T1.csv,321,343,234,234,380,492,234,419,234,452,234,457,234,350,234,234,234,234,234,234,234,234,234,234,234,234,234,234,234,234,234,234,234,234,26,
Data/AUCoding/AU_OCC/F045_T1.csv,0,0,0,0,376,376,153,376,376,376,0,10,39,376,0,0,0,343,0,11,0,0,0,0,0,0,0,0,0,0,0,0,0,0,0,
Data/AUCoding/AU_OCC/F042_T8.csv,0,0,0,0,0,0,0,0,0,0,0,0,0,0,0,0,0,0,0,0,0,0,0,0,0,0,0,0,0,0,0,0,0,0,0,
Data/AUCoding/AU_OCC/M057_T7.csv,6,11,27,0,128,241,0,133,96,150,0,218,43,131,0,0,0,41,0,14,0,0,0,0,0,0,0,0,0,0,0,0,0,0,0,
Data/AUCoding/AU_OCC/F063_T7.csv,246,57,13,0,185,252,3,248,221,252,0,252,0,184,47,0,0,95,11,79,0,0,9,0,0,0,7,0,0,0,0,0,0,0,0,
Data/AUCoding/AU_OCC/M002_T6.csv,42,58,0,22,160,465,0,500,500,54,0,468,25,12,4,0,0,15,13,210,0,0,0,0,0,0,0,0,0,0,0,0,0,0,0,
Data/AUCoding/AU_OCC/F036_T6.csv,39,0,0,0,47,285,0,311,297,332,0,188,58,277,103,0,0,0,43,10,9,0,0,0,0,0,0,0,0,0,0,0,0,0,0,
Data/AUCoding/AU_OCC/M049_T7.csv,219,218,0,29,25,168,0,189,148,189,0,221,19,171,61,0,0,9,10,42,0,0,0,0,0,0,0,0,0,0,0,0,0,0,0,
Data/AUCoding/AU_OCC/F055_T6.csv,14,15,0,0,291,352,227,303,285,317,0,350,85,79,70,0,0,146,0,26,0,0,0,0,0,0,0,0,0,0,0,0,0,0,0,
Data/AUCoding/AU_OCC/M034_T7.csv,0,0,0,0,139,178,33,233,149,173,0,160,45,233,14,0,0,32,27,0,0,0,2,0,54,0,0,0,0,0,0,0,0,0,0,
Data/AUCoding/AU_OCC/M010_T6.csv,0,0,0,0,72,280,0,115,0,259,0,11,0,282,83,0,0,0,0,11,0,0,0,0,0,0,0,0,0,0,0,0,0,0,0,
Data/AUCoding/AU_OCC/F080_T1.csv,0,0,0,0,237,238,0,377,226,377,0,0,13,185,0,0,0,0,0,14,0,0,0,0,0,0,0,0,0,0,0,0,0,0,0,
Data/AUCoding/AU_OCC/F028_T6.csv,90,149,82,0,375,375,0,375,375,375,0,375,181,75,68,0,0,268,7,130,4,8,0,0,0,0,0,0,0,0,0,0,0,0,0,
Data/AUCoding/AU_OCC/F059_T6.csv,0,0,0,0,375,375,0,375,295,375,0,375,0,338,23,0,0,67,4,31,0,0,0,0,0,0,0,0,0,0,0,0,0,0,0,
Data/AUCoding/AU_OCC/M045_T7.csv,11,0,28,0,251,251,39,251,244,251,0,245,23,231,23,0,15,204,0,26,0,0,20,0,18,0,0,0,0,0,0,0,0,0,0,
Data/AUCoding/AU_OCC/F071_T7.csv,15,3,9,0,170,176,7,208,111,161,0,164,116,91,72,0,0,27,0,86,0,0,0,0,0,0,0,0,0,0,0,0,0,0,0,
Data/AUCoding/AU_OCC/M038_T7.csv,44,0,0,0,67,112,0,124,38,167,0,202,112,127,122,0,0,0,0,32,59,0,0,0,0,0,0,0,0,0,0,7,0,0,0,
Data/AUCoding/AU_OCC/F024_T6.csv,34,52,8,0,376,376,50,376,357,376,0,376,22,248,9,0,0,175,0,13,0,0,0,0,0,0,0,0,0,0,0,0,0,0,0,
Data/AUCoding/AU_OCC/F012_T7.csv,20,10,5,0,251,251,63,251,225,251,0,59,133,163,0,0,0,198,0,38,0,0,0,0,0,0,0,0,0,0,0,0,0,0,0,
Data/AUCoding/AU_OCC/F047_T6.csv,84,59,115,18,113,376,15,281,101,216,0,329,68,154,8,0,0,78,11,28,6,0,0,0,83,0,0,0,0,0,0,0,0,0,0,
Data/AUCoding/AU_OCC/M026_T7.csv,0,0,3,0,69,70,0,141,0,30,0,265,0,12,10,0,0,0,3,33,0,0,0,0,0,0,0,0,0,0,0,0,0,0,0,
Data/AUCoding/AU_OCC/M026_T6.csv,75,230,65,0,0,36,0,160,0,27,0,90,81,53,124,0,0,3,0,45,28,0,0,0,0,0,0,0,0,0,0,0,0,0,0,
Data/AUCoding/AU_OCC/F047_T7.csv,130,38,0,0,0,44,0,0,0,0,0,117,27,0,0,0,0,0,0,68,0,0,0,0,0,0,0,0,0,0,0,12,0,0,0,
Data/AUCoding/AU_OCC/F012_T6.csv,0,0,0,0,131,319,0,318,24,219,0,141,285,46,3,0,9,23,38,29,0,0,0,0,0,0,0,0,0,0,0,0,0,0,0,
Data/AUCoding/AU_OCC/F071_T6.csv,0,0,0,0,253,256,0,276,189,255,0,260,15,229,36,0,0,0,0,88,0,0,0,0,0,0,0,0,0,0,0,0,0,0,0,
Data/AUCoding/AU_OCC/F024_T7.csv,11,0,57,3,122,252,0,226,167,252,0,252,50,125,34,0,0,33,0,40,0,0,39,0,0,0,26,0,0,0,0,0,0,0,0,
Data/AUCoding/AU_OCC/M038_T6.csv,0,0,0,0,215,317,0,309,298,336,0,285,239,158,60,3,13,0,13,71,0,0,0,0,0,0,0,0,0,0,0,0,5,0,0,
Data/AUCoding/AU_OCC/M045_T6.csv,0,0,0,0,240,376,0,376,53,376,0,340,0,235,81,0,0,122,0,128,21,0,0,0,0,0,0,0,0,0,0,0,0,0,0,
Data/AUCoding/AU_OCC/F059_T7.csv,128,120,43,0,0,0,69,251,216,251,0,251,69,212,23,0,6,210,9,40,0,0,0,0,78,0,0,0,0,0,0,0,11,0,0,
Data/AUCoding/AU_OCC/M010_T7.csv,69,68,0,0,0,0,0,21,0,0,0,104,24,17,0,0,0,0,0,25,0,0,89,0,0,0,0,0,0,0,0,0,0,0,0,
Data/AUCoding/AU_OCC/F028_T7.csv,250,250,6,0,109,250,0,83,0,177,0,202,171,22,0,0,0,0,0,63,28,0,0,0,0,0,0,0,0,0,0,0,0,0,0,
Data/AUCoding/AU_OCC/F055_T7.csv,0,0,9,0,222,235,7,237,184,224,0,251,87,146,25,0,0,146,4,37,37,0,0,0,0,0,0,0,0,0,0,0,0,0,0,
Data/AUCoding/AU_OCC/M034_T6.csv,8,9,12,0,377,273,0,377,220,289,0,335,51,307,30,0,0,0,0,48,3,0,0,0,0,0,0,0,0,0,0,0,0,0,0,
Data/AUCoding/AU_OCC/F036_T7.csv,0,0,0,0,0,146,0,0,0,159,0,0,0,0,0,0,0,0,0,0,0,0,0,0,0,0,0,0,0,0,0,0,0,0,0,
Data/AUCoding/AU_OCC/M049_T6.csv,0,0,27,0,361,360,59,370,343,368,0,376,50,366,25,0,0,0,0,24,0,0,0,0,0,0,0,0,0,0,0,0,0,0,0,
Data/AUCoding/AU_OCC/F063_T6.csv,333,376,0,0,109,141,0,367,309,364,0,376,23,290,56,0,0,127,31,87,15,0,0,0,135,0,0,0,0,0,0,0,23,0,0,
Data/AUCoding/AU_OCC/M057_T6.csv,26,40,0,0,376,376,0,376,257,376,0,376,0,311,44,0,0,106,0,72,0,0,0,0,0,0,0,0,0,0,0,0,0,0,0,
Data/AUCoding/AU_OCC/M002_T7.csv,16,18,7,0,223,166,0,252,267,393,0,481,0,6,129,0,0,0,0,89,0,0,0,0,0,0,0,0,0,0,0,0,0,0,0,
Data/AUCoding/AU_OCC/F045_T6.csv,0,0,8,0,377,377,39,377,377,284,0,377,93,212,38,0,0,76,0,97,0,0,0,0,0,0,0,0,0,0,0,0,0,0,0,
Data/AUCoding/AU_OCC/M024_T7.csv,74,75,32,0,20,250,0,74,78,0,0,19,0,72,23,0,0,0,0,42,4,0,0,0,0,0,0,0,0,0,0,0,0,0,0,
Data/AUCoding/AU_OCC/F038_T6.csv,34,73,0,0,274,352,0,324,0,316,0,319,0,151,33,46,0,0,0,27,14,0,57,0,0,0,0,0,0,0,0,0,0,0,0,
Data/AUCoding/AU_OCC/M047_T7.csv,16,16,25,0,26,64,27,71,0,0,0,217,0,0,200,0,0,33,0,0,65,0,201,0,0,0,0,0,0,0,0,0,0,0,0,
Data/AUCoding/AU_OCC/F010_T7.csv,7,16,28,0,57,66,0,174,20,13,0,183,14,9,129,0,0,0,0,36,8,0,0,0,0,0,0,0,0,0,0,0,75,0,0,
Data/AUCoding/AU_OCC/F073_T7.csv,0,0,40,0,252,200,11,252,63,214,0,252,125,57,14,0,0,20,0,144,0,0,0,0,0,0,0,0,0,0,0,0,0,0,0,
Data/AUCoding/AU_OCC/M012_T6.csv,0,5,10,0,263,377,0,333,310,340,0,377,249,287,42,0,0,80,40,170,8,0,0,0,0,0,0,0,0,0,0,0,0,0,0,
Data/AUCoding/AU_OCC/F082_T1.csv,0,0,0,0,191,376,0,376,138,199,0,205,13,119,0,0,0,97,0,14,0,0,0,0,0,0,0,0,0,0,0,0,0,0,0,
Data/AUCoding/AU_OCC/F057_T6.csv,25,44,16,7,89,171,0,244,111,222,51,340,9,56,113,15,5,22,32,162,19,0,75,0,0,0,0,0,0,0,0,0,16,0,0,
Data/AUCoding/AU_OCC/F026_T6.csv,12,0,0,0,376,376,0,376,376,376,0,376,54,0,0,0,0,337,9,23,0,0,101,0,60,0,14,0,0,0,0,0,0,0,0,
Data/AUCoding/AU_OCC/F002_T7.csv,171,180,187,171,272,288,171,356,171,217,171,402,177,183,387,171,171,171,171,245,182,171,171,171,171,171,171,171,171,171,171,171,171,171,19,
Data/AUCoding/AU_OCC/M036_T7.csv,110,120,0,0,234,242,0,221,234,248,0,247,18,216,35,0,0,124,0,46,24,0,25,0,0,0,0,0,0,0,0,0,0,0,0,
Data/AUCoding/AU_OCC/M055_T7.csv,50,9,144,46,36,48,0,80,79,86,7,124,24,88,34,0,0,46,36,10,21,0,0,0,39,0,0,0,0,0,0,0,0,0,0,
Data/AUCoding/AU_OCC/F061_T7.csv,0,0,4,0,120,122,4,250,250,250,0,239,31,79,88,0,0,0,0,87,29,0,0,0,27,0,0,0,0,0,0,0,0,0,0,
Data/AUCoding/AU_OCC/M028_T7.csv,52,52,37,0,55,254,0,71,60,84,0,65,23,132,146,0,0,3,0,26,29,0,10,0,59,0,0,0,0,0,0,0,48,13,0,
Data/AUCoding/AU_OCC/F049_T6.csv,0,0,0,0,185,269,0,269,207,221,0,132,77,219,0,0,0,80,0,27,8,0,0,0,0,0,0,0,0,0,0,0,0,0,0,
Data/AUCoding/AU_OCC/F034_T7.csv,52,60,0,91,28,56,0,92,0,70,0,129,6,4,61,0,0,0,0,15,6,0,0,0,0,0,15,0,0,0,0,0,0,0,0,
Data/AUCoding/AU_OCC/F034_T6.csv,175,170,0,0,72,100,0,222,72,111,0,344,0,114,0,0,0,0,30,43,0,0,0,0,0,0,0,0,0,0,0,0,0,0,0,
Data/AUCoding/AU_OCC/F049_T7.csv,0,0,9,0,56,157,0,201,136,207,0,202,81,6,30,0,0,0,0,115,126,0,0,0,0,0,0,0,0,0,0,0,0,0,0,
Data/AUCoding/AU_OCC/F061_T6.csv,0,0,0,25,377,359,0,377,371,377,0,377,76,245,0,0,0,17,0,65,0,0,0,0,0,0,0,0,0,0,0,0,0,0,0,
Data/AUCoding/AU_OCC/M028_T6.csv,0,0,10,0,256,351,0,298,244,302,0,238,49,303,29,0,14,162,34,40,0,0,0,0,0,0,0,0,0,0,0,0,0,13,0,
Data/AUCoding/AU_OCC/M055_T6.csv,304,298,91,0,80,141,0,235,228,257,10,329,56,160,44,0,11,64,43,65,5,0,0,0,47,0,0,0,0,0,0,0,0,0,0,
Data/AUCoding/AU_OCC/M036_T6.csv,131,79,21,0,359,358,36,368,363,356,0,368,46,335,59,4,0,290,0,82,0,0,0,0,0,0,0,0,0,0,0,0,0,14,0,
Data/AUCoding/AU_OCC/F057_T7.csv,0,68,44,0,229,191,0,199,235,176,0,222,74,32,130,0,7,0,20,46,65,0,0,0,0,0,0,0,0,0,0,0,0,0,0,
Data/AUCoding/AU_OCC/F026_T7.csv,0,0,19,0,252,252,0,252,252,252,0,252,89,0,10,0,0,37,0,0,0,0,0,0,0,0,64,0,0,0,0,0,0,0,0,
Data/AUCoding/AU_OCC/F002_T6.csv,0,0,0,0,237,238,0,190,58,236,0,240,17,133,47,0,0,0,0,42,0,0,0,0,0,0,0,0,0,0,0,0,0,0,0,
Data/AUCoding/AU_OCC/M012_T7.csv,0,12,5,0,48,61,0,250,48,250,0,250,0,138,0,0,0,0,0,0,0,0,0,0,0,0,0,0,0,0,0,0,0,0,0,
Data/AUCoding/AU_OCC/F073_T6.csv,9,13,0,0,147,176,17,305,132,288,0,163,117,190,40,0,14,86,24,62,0,0,19,0,32,0,0,0,0,0,0,0,0,13,0,
Data/AUCoding/AU_OCC/F038_T7.csv,205,196,66,50,210,251,83,208,124,155,0,207,26,66,61,0,0,65,6,9,10,0,0,0,0,0,0,0,0,0,0,0,14,0,0,
Data/AUCoding/AU_OCC/M047_T6.csv,58,64,0,0,114,49,0,184,0,170,0,193,21,74,48,0,24,21,8,61,0,0,45,0,0,0,0,0,0,0,0,0,0,6,0,
Data/AUCoding/AU_OCC/M024_T6.csv,52,53,0,0,145,302,0,350,91,269,0,121,5,176,44,0,0,17,0,129,0,0,0,0,0,0,0,0,0,0,0,0,0,0,0,
Data/AUCoding/AU_OCC/F045_T7.csv,236,78,42,0,251,251,0,251,251,251,0,0,0,251,0,0,0,201,0,0,0,0,0,0,0,0,0,0,0,0,0,0,0,0,0,
Data/AUCoding/AU_OCC/F019_T8.csv,89,0,0,0,0,66,0,0,0,0,0,63,0,0,0,0,0,0,0,0,0,0,0,0,0,0,0,0,0,0,0,0,0,0,0,
Data/AUCoding/AU_OCC/F010_T6.csv,294,175,144,153,494,496,144,502,182,420,144,568,157,466,287,144,144,175,152,288,144,144,144,144,144,144,144,144,144,144,144,144,187,144,16,
Data/AUCoding/AU_OCC/M050_T8.csv,0,0,0,0,46,52,0,166,0,88,0,72,0,0,13,0,0,0,0,0,0,0,0,0,0,0,0,0,0,0,0,0,0,0,0,
Data/AUCoding/AU_OCC/M057_T1.csv,0,0,0,0,376,376,13,371,338,376,0,376,41,323,31,0,0,294,28,73,0,0,0,0,20,0,0,0,0,0,0,0,0,0,0,
Data/AUCoding/AU_OCC/F063_T1.csv,185,129,0,0,281,262,65,376,359,376,0,357,45,294,0,0,0,227,8,31,0,0,0,0,22,0,0,0,0,0,0,0,0,0,0,
Data/AUCoding/AU_OCC/F064_T8.csv,0,0,0,0,0,0,0,0,0,0,0,0,0,0,0,0,0,0,0,0,0,0,0,0,0,0,0,0,0,0,0,0,0,0,0,
Data/AUCoding/AU_OCC/M034_T1.csv,0,0,0,0,229,376,0,376,376,376,0,376,38,356,25,0,0,0,0,82,0,0,0,0,0,0,0,0,0,0,0,0,0,0,0,
Data/AUCoding/AU_OCC/M049_T1.csv,0,0,0,0,375,375,0,375,233,336,0,375,99,361,41,0,0,0,0,58,0,0,0,0,0,0,0,0,0,0,0,0,0,0,0,
Data/AUCoding/AU_OCC/M033_T8.csv,0,0,0,0,0,0,0,0,0,0,0,0,0,0,0,0,0,0,5,0,0,0,0,0,0,0,0,0,0,0,0,0,0,0,0,
Data/AUCoding/AU_OCC/F080_T7.csv,9,0,17,0,136,186,14,252,116,252,0,9,72,0,134,0,0,0,0,89,0,0,3,0,0,0,82,0,0,0,0,0,0,0,0,
Data/AUCoding/AU_OCC/F007_T8.csv,0,0,0,0,0,0,0,0,0,0,0,19,0,0,124,0,10,0,0,32,0,0,0,0,0,0,0,0,0,0,0,0,0,0,0,
Data/AUCoding/AU_OCC/M045_T1.csv,0,0,0,0,284,376,0,284,285,286,0,279,0,209,26,0,0,72,0,41,0,0,0,0,0,0,0,0,0,0,0,0,0,0,0,
Data/AUCoding/AU_OCC/M042_T8.csv,4,0,4,0,0,376,0,376,0,300,0,376,38,0,26,0,0,0,0,91,38,0,0,0,0,0,0,0,0,0,0,0,0,0,0,
Data/AUCoding/AU_OCC/M038_T1.csv,0,0,0,0,279,315,0,290,154,283,0,160,181,237,111,13,0,0,16,21,10,0,0,0,0,0,0,0,0,0,0,0,0,0,0,
Data/AUCoding/AU_OCC/F071_T1.csv,0,0,0,0,375,375,113,375,342,375,0,375,93,335,24,0,0,143,24,58,0,0,0,0,0,0,0,0,0,0,0,0,0,0,0,
Data/AUCoding/AU_OCC/F076_T8.csv,0,137,161,0,242,362,207,327,270,296,23,233,49,120,29,0,0,141,0,121,90,0,18,0,0,0,14,0,0,0,0,0,0,0,0,
Data/AUCoding/AU_OCC/F015_T8.csv,0,0,4,0,0,19,0,0,0,0,0,37,0,0,25,0,0,0,0,18,0,0,0,0,0,0,0,0,0,0,0,0,0,0,0,
Data/AUCoding/AU_OCC/F012_T1.csv,0,0,9,0,189,191,0,184,104,187,0,182,83,64,52,0,0,49,0,57,0,0,0,0,55,0,0,0,0,0,0,0,0,0,0,
Data/AUCoding/AU_OCC/M021_T8.csv,12,0,0,0,0,0,0,0,0,0,0,40,0,202,167,0,5,24,0,111,0,0,0,0,0,0,0,0,0,0,0,0,0,0,0,
Data/AUCoding/AU_OCC/M026_T1.csv,24,0,0,0,209,211,0,218,183,209,0,237,33,80,7,0,0,8,7,75,0,0,0,0,0,0,0,0,0,0,0,0,0,0,0,
Data/AUCoding/AU_OCC/F068_T8.csv,57,54,23,0,17,376,0,20,18,17,0,20,0,0,0,0,0,0,0,0,0,0,0,0,0,0,0,0,0,0,0,0,0,0,0,
Data/AUCoding/AU_OCC/F047_T1.csv,18,0,159,0,338,376,0,267,171,290,0,306,0,134,57,0,0,94,0,71,28,0,31,0,0,0,0,0,0,0,0,26,0,0,0,
Data/AUCoding/AU_OCC/M009_T8.csv,0,0,0,0,0,0,0,0,0,0,0,136,87,0,119,0,0,0,47,71,21,0,131,0,0,0,0,0,0,0,0,0,0,0,0,
Data/AUCoding/AU_OCC/F040_T8.csv,0,0,233,0,8,18,0,13,0,0,0,26,0,0,0,0,0,0,0,26,10,0,0,0,0,0,0,0,0,0,0,0,0,0,0,
Data/AUCoding/AU_OCC/F023_T8.csv,0,0,0,0,15,103,0,0,0,0,0,102,0,0,9,0,15,0,0,27,15,0,12,0,0,0,0,0,0,0,0,0,0,0,0,
Data/AUCoding/AU_OCC/F024_T1.csv,380,359,333,333,664,664,366,664,619,649,333,664,333,415,333,333,333,390,343,333,333,333,333,333,333,333,333,333,333,333,333,333,333,333,37,
Data/AUCoding/AU_OCC/M010_T1.csv,0,0,0,0,377,377,0,281,263,377,0,21,0,235,34,0,0,0,0,13,0,0,0,0,0,0,0,0,0,0,0,0,0,0,0,
Data/AUCoding/AU_OCC/F080_T6.csv,47,0,7,0,377,377,0,377,377,377,0,0,0,181,0,0,0,16,0,0,0,0,0,0,0,0,0,0,0,0,0,0,0,0,0,
Data/AUCoding/AU_OCC/M017_T8.csv,0,0,0,0,19,23,0,19,10,0,0,314,0,88,0,0,0,5,0,0,0,0,0,0,0,0,0,0,0,0,0,0,0,0,0,
Data/AUCoding/AU_OCC/F059_T1.csv,0,0,0,0,376,376,0,376,282,376,0,376,0,336,8,0,0,0,0,36,0,0,0,0,0,0,0,0,0,0,0,0,0,0,0,
Data/AUCoding/AU_OCC/F028_T1.csv,0,0,0,0,375,375,0,375,375,375,0,375,28,26,0,0,0,43,0,38,3,0,0,0,0,0,0,0,0,0,0,0,0,0,0,
Data/AUCoding/AU_OCC/F052_T8.csv,0,0,10,0,0,0,0,0,0,0,0,40,0,0,0,0,0,0,0,34,0,0,0,0,0,0,0,0,0,0,0,0,14,0,0,
Data/AUCoding/AU_OCC/F055_T1.csv,10,0,10,0,358,354,0,357,280,325,0,360,0,294,0,0,0,204,6,0,0,0,0,0,0,0,0,0,0,0,0,0,0,0,0,
Data/AUCoding/AU_OCC/F036_T1.csv,11,0,0,0,89,376,0,207,93,320,0,270,45,134,147,0,0,0,4,16,28,0,0,0,0,0,0,0,0,0,0,0,0,0,0,
Data/AUCoding/AU_OCC/F031_T8.csv,0,0,0,0,7,146,0,336,0,84,0,127,64,5,15,0,0,8,0,38,18,0,14,0,0,0,0,0,0,0,0,0,0,0,0,
Data/AUCoding/AU_OCC/F017_T1.csv,0,0,0,0,271,376,50,324,258,310,0,100,0,143,21,0,85,34,0,79,16,0,102,0,0,0,21,0,0,0,0,0,0,0,0,
Data/AUCoding/AU_OCC/M005_T8.csv,0,0,0,0,0,0,0,0,0,0,0,0,0,0,0,0,0,0,0,0,0,0,0,0,0,0,0,0,0,0,0,0,66,0,0,
Data/AUCoding/AU_OCC/M002_T1.csv,605,605,490,468,672,695,478,730,759,741,468,888,482,531,497,468,468,524,468,502,516,468,468,468,468,468,468,468,468,468,468,468,468,479,52,
Data/AUCoding/AU_OCC/M023_T1.csv,0,0,69,0,0,0,0,0,0,0,0,0,0,0,0,0,0,0,0,0,0,0,0,0,0,0,0,0,0,0,0,0,0,0,0,
Data/AUCoding/AU_OCC/M024_T8.csv,0,0,0,0,0,40,0,0,0,0,0,38,0,0,30,0,0,0,0,17,13,0,0,0,0,0,0,0,0,0,0,0,0,0,0,
Data/AUCoding/AU_OCC/F010_T8.csv,0,0,91,0,13,40,0,48,0,0,0,121,0,57,179,0,0,13,28,27,0,0,0,0,155,0,0,26,0,0,0,0,64,0,0,
Data/AUCoding/AU_OCC/M040_T1.csv,113,141,0,0,376,329,0,327,250,325,0,0,101,329,28,0,0,0,0,60,0,0,0,0,0,0,0,0,0,0,0,0,0,0,0,
Data/AUCoding/AU_OCC/F009_T1.csv,0,0,0,0,280,301,0,305,63,234,0,280,25,165,265,0,0,0,0,136,0,0,0,0,0,0,0,0,0,0,0,0,0,0,0,
Data/AUCoding/AU_OCC/M047_T8.csv,119,126,113,31,129,278,99,129,179,128,21,180,0,73,15,0,6,13,78,15,21,0,62,0,35,0,0,34,0,0,0,0,8,0,0,
Data/AUCoding/AU_OCC/F073_T8.csv,24,19,0,0,355,52,0,375,0,226,0,375,36,0,0,0,0,0,0,40,16,0,0,0,0,21,0,0,0,0,0,0,6,0,0,
Data/AUCoding/AU_OCC/F074_T1.csv,23,28,0,0,373,373,171,373,338,373,0,373,0,342,41,0,0,152,0,10,0,0,0,0,0,0,0,0,0,0,0,0,0,0,0,
Data/AUCoding/AU_OCC/F002_T8.csv,0,0,0,0,0,375,0,13,0,0,0,23,0,0,11,0,0,0,0,0,0,0,0,0,0,0,0,0,0,0,0,0,0,0,0,
Data/AUCoding/AU_OCC/F005_T1.csv,35,35,0,0,122,90,0,168,120,137,0,136,41,79,16,0,0,53,0,49,0,0,0,0,0,0,0,0,0,0,0,0,0,0,0,
Data/AUCoding/AU_OCC/M031_T1.csv,0,0,0,0,119,137,0,247,115,161,0,94,191,301,57,0,0,0,0,111,0,0,0,0,0,0,0,0,0,0,0,0,0,0,0,
Data/AUCoding/AU_OCC/F078_T1.csv,0,0,0,0,126,241,0,376,159,340,0,190,0,18,43,0,0,0,0,43,17,0,65,0,0,0,0,0,0,0,0,0,15,0,0,
Data/AUCoding/AU_OCC/M036_T8.csv,0,0,0,0,77,83,0,107,7,64,0,118,0,9,20,0,0,0,0,14,10,0,54,0,0,0,0,0,0,0,0,0,0,0,0,
Data/AUCoding/AU_OCC/M055_T8.csv,10,10,36,0,20,148,18,23,22,5,0,92,45,0,29,0,0,0,0,30,38,0,0,0,0,24,0,16,0,0,0,0,48,0,0,
Data/AUCoding/AU_OCC/F061_T8.csv,0,0,0,0,70,70,0,78,67,71,0,126,26,0,229,0,0,0,0,102,75,0,0,0,0,0,0,0,0,0,0,0,0,0,0,
Data/AUCoding/AU_OCC/M052_T1.csv,34,35,8,0,258,348,9,345,188,345,0,256,19,123,96,0,0,8,0,33,0,0,0,0,0,0,0,0,0,0,0,0,0,0,0,
Data/AUCoding/AU_OCC/M028_T8.csv,0,0,17,0,0,113,0,0,0,0,0,0,0,0,9,0,0,0,0,4,0,0,0,0,0,0,0,0,0,0,0,0,41,0,0,
Data/AUCoding/AU_OCC/F066_T1.csv,0,16,13,0,244,376,13,376,256,376,0,376,47,192,8,0,0,147,0,103,14,0,0,0,17,0,0,0,0,0,0,0,0,0,0,
Data/AUCoding/AU_OCC/F033_T1.csv,0,20,0,0,305,362,0,305,283,306,0,299,52,100,28,5,0,56,14,32,0,0,0,0,40,0,0,0,0,0,0,0,64,0,0,
Data/AUCoding/AU_OCC/F034_T8.csv,0,0,0,0,0,0,0,0,0,0,0,65,0,0,0,0,0,0,0,0,0,0,0,0,0,0,0,0,0,0,0,0,14,0,0,
Data/AUCoding/AU_OCC/M007_T1.csv,88,87,0,0,0,144,0,43,0,117,0,0,54,138,83,0,0,0,0,10,17,0,0,0,0,0,0,0,0,0,0,0,0,0,0,
Data/AUCoding/AU_OCC/F049_T8.csv,0,0,0,0,0,32,0,173,9,0,0,107,37,4,15,0,9,31,0,36,47,0,26,0,22,22,24,0,0,0,0,0,42,0,0,
Data/AUCoding/AU_OCC/M019_T1.csv,0,0,0,0,141,102,0,335,103,34,0,375,37,88,38,0,0,0,54,83,0,0,0,0,0,0,0,0,0,0,0,0,0,0,0,
Data/AUCoding/AU_OCC/F057_T8.csv,0,0,0,0,0,38,0,0,0,0,0,377,0,0,0,0,0,0,0,0,0,0,0,0,0,0,0,0,0,0,0,0,0,0,0,
Data/AUCoding/AU_OCC/F050_T1.csv,28,32,0,0,375,375,0,375,92,375,0,244,0,10,12,0,0,0,0,90,0,0,0,0,0,0,0,0,0,0,0,0,0,0,0,
Data/AUCoding/AU_OCC/F026_T8.csv,0,0,27,0,0,48,0,121,0,10,0,136,0,0,11,0,0,0,0,68,25,0,57,0,0,0,48,0,0,0,0,0,0,0,0,
Data/AUCoding/AU_OCC/F021_T1.csv,0,0,0,0,208,375,0,182,112,203,0,57,0,42,0,0,0,0,0,79,0,0,0,0,0,0,0,0,0,0,0,0,0,0,0,
Data/AUCoding/AU_OCC/M015_T1.csv,0,0,0,0,249,283,0,263,108,258,0,71,15,148,107,0,0,113,0,157,0,0,0,0,0,0,0,0,0,0,0,0,0,0,0,
Data/AUCoding/AU_OCC/M012_T8.csv,0,0,0,0,0,377,0,108,0,82,0,335,160,352,0,0,0,14,48,61,0,0,0,0,0,0,0,0,0,0,0,0,0,0,0,
Data/AUCoding/AU_OCC/F038_T8.csv,0,71,48,0,15,44,0,0,0,0,0,27,0,5,43,0,0,0,0,14,13,0,0,0,0,14,0,0,0,0,0,0,0,0,0,
Data/AUCoding/AU_OCC/F019_T7.csv,194,13,0,0,22,102,0,26,24,29,0,124,0,221,18,0,0,28,0,32,0,0,0,0,0,0,0,0,0,0,0,0,0,0,0,
Data/AUCoding/AU_OCC/F042_T1.csv,0,0,8,0,53,153,0,375,20,103,0,375,0,33,13,0,0,7,13,13,0,0,0,0,0,0,0,0,0,0,0,0,0,0,0,
Data/AUCoding/AU_OCC/F045_T8.csv,0,0,0,0,149,283,0,206,44,83,0,376,0,41,24,0,0,0,0,90,0,0,0,0,0,0,0,0,0,0,0,0,0,0,0,
Data/AUCoding/AU_OCC/M050_T7.csv,0,0,0,0,101,214,0,197,0,133,0,237,144,0,94,0,0,0,0,55,63,0,35,0,0,0,0,0,0,0,0,0,0,0,0,
Data/AUCoding/AU_OCC/F064_T7.csv,0,4,9,0,38,61,0,0,0,0,0,21,0,65,0,0,0,0,0,14,0,0,0,0,0,0,0,0,0,0,0,0,0,0,0,
Data/AUCoding/AU_OCC/F052_T6.csv,45,0,157,0,124,267,0,246,173,72,0,51,0,210,20,0,0,0,5,70,22,0,0,0,11,0,0,0,0,0,0,0,0,9,0,
Data/AUCoding/AU_OCC/F031_T6.csv,27,25,0,0,320,376,0,321,138,233,0,318,0,96,0,0,0,52,15,5,9,0,0,0,0,0,0,0,0,0,0,0,0,0,0,
Data/AUCoding/AU_OCC/M005_T6.csv,58,22,27,0,110,93,0,142,0,293,0,0,17,42,96,0,0,0,20,19,0,0,0,0,0,0,0,0,0,0,0,0,0,0,0,
Data/AUCoding/AU_OCC/M033_T7.csv,0,0,6,0,203,250,0,232,0,200,0,230,0,72,0,0,0,26,0,33,0,0,4,0,0,0,25,0,0,0,0,0,0,0,0,
Data/AUCoding/AU_OCC/M042_T7.csv,191,196,104,99,234,289,99,257,204,299,99,331,139,99,253,99,99,99,99,220,202,99,99,99,99,99,99,99,99,99,99,99,99,99,11,
Data/AUCoding/AU_OCC/F007_T7.csv,69,0,24,0,32,46,0,500,500,500,0,500,10,423,16,0,4,433,0,0,0,0,9,0,0,0,22,0,0,0,0,0,0,0,0,
Data/AUCoding/AU_OCC/M017_T6.csv,0,0,22,0,341,376,0,376,376,376,0,325,55,310,34,0,0,106,0,65,0,0,0,0,0,0,0,0,0,0,0,0,0,0,0,
Data/AUCoding/AU_OCC/F080_T8.csv,0,0,0,0,0,0,0,0,0,0,0,0,0,0,0,0,0,0,0,0,0,0,0,0,0,0,0,0,0,0,0,0,0,0,0,
Data/AUCoding/AU_OCC/F076_T7.csv,22,225,0,0,228,251,43,251,251,251,0,251,8,249,0,0,0,185,0,0,0,0,0,0,0,0,0,0,0,0,0,0,0,0,0,
Data/AUCoding/AU_OCC/F023_T6.csv,0,0,0,0,376,376,0,376,376,332,0,376,73,186,119,9,0,165,0,141,0,0,0,0,0,0,0,0,0,0,0,0,10,0,0,
Data/AUCoding/AU_OCC/F040_T6.csv,0,59,0,0,252,377,0,377,0,270,0,128,0,10,0,0,0,0,13,35,0,0,0,0,0,0,0,0,0,0,0,0,0,0,0,
Data/AUCoding/AU_OCC/M021_T7.csv,33,9,0,0,57,46,0,126,0,11,0,55,24,0,57,0,0,6,0,14,0,0,0,0,0,0,0,0,0,0,0,0,0,0,0,
Data/AUCoding/AU_OCC/F015_T7.csv,31,0,4,0,0,17,0,0,0,8,0,78,0,0,250,0,0,0,0,15,7,0,0,0,0,0,0,0,0,0,0,0,0,0,0,
Data/AUCoding/AU_OCC/M009_T6.csv,21,26,0,0,360,377,12,372,356,329,0,371,129,109,30,9,18,264,34,97,0,0,0,0,5,0,0,0,0,0,0,0,0,0,0,
Data/AUCoding/AU_OCC/F068_T7.csv,171,171,215,171,353,385,218,399,354,374,171,395,198,175,250,171,171,176,174,240,248,171,186,171,193,171,178,171,171,171,171,171,171,184,19,
Data/AUCoding/AU_OCC/M021_T6.csv,46,0,9,0,149,272,0,273,220,162,0,212,117,192,118,45,0,51,85,136,0,0,0,0,194,0,0,0,0,0,0,0,10,0,0,
Data/AUCoding/AU_OCC/F068_T6.csv,16,5,0,0,291,376,0,376,312,359,0,375,8,13,0,0,0,6,17,7,0,0,0,0,0,0,0,0,0,0,0,0,0,0,0,
Data/AUCoding/AU_OCC/F015_T6.csv,36,0,10,0,157,375,0,364,253,375,0,185,6,80,24,0,13,260,11,58,0,0,26,0,0,0,0,0,0,0,0,0,0,13,0,
Data/AUCoding/AU_OCC/M009_T7.csv,51,68,13,0,228,250,49,250,222,138,0,250,0,205,20,0,0,98,0,32,0,0,0,0,0,0,9,0,0,0,0,0,0,0,0,
Data/AUCoding/AU_OCC/F040_T7.csv,0,0,0,0,0,43,0,252,0,0,0,0,0,0,0,0,0,0,0,0,0,0,0,0,0,0,0,0,0,0,0,0,0,0,0,
Data/AUCoding/AU_OCC/F023_T7.csv,7,0,29,0,134,213,25,116,139,44,0,140,29,10,25,0,0,0,0,30,18,0,0,0,0,0,0,0,0,0,0,0,0,0,0,
Data/AUCoding/AU_OCC/M017_T7.csv,2205,2205,2210,2205,2204,2204,2205,2204,2204,2204,2205,2204,2205,2204,2205,2205,2205,2204,2205,2205,2205,2205,2205,2205,2205,2205,2205,2205,2205,2205,2205,2205,2205,2205,245,
Data/AUCoding/AU_OCC/M042_T6.csv,65,29,58,0,178,169,12,284,200,319,0,243,12,63,13,0,13,90,14,54,13,0,0,0,36,0,0,0,0,0,0,0,34,0,0,
Data/AUCoding/AU_OCC/F076_T6.csv,27,165,0,0,239,375,5,375,365,375,0,375,140,270,14,0,0,258,13,106,9,0,0,0,0,0,0,0,0,0,0,0,0,0,0,
Data/AUCoding/AU_OCC/F052_T7.csv,8,0,0,0,40,54,0,47,43,46,0,0,0,43,0,0,0,0,7,0,0,0,0,0,0,0,0,0,0,0,0,0,0,0,0,
Data/AUCoding/AU_OCC/M033_T6.csv,142,138,109,90,449,449,154,449,431,449,106,411,207,328,182,105,90,293,124,201,98,90,95,90,97,90,98,90,90,90,90,90,90,90,10,
Data/AUCoding/AU_OCC/F007_T6.csv,0,0,0,0,153,340,0,465,365,408,0,454,235,346,75,0,0,314,18,213,0,0,0,0,0,0,0,0,0,0,0,0,0,0,0,
Data/AUCoding/AU_OCC/F031_T7.csv,67,46,35,0,188,252,40,252,219,235,0,174,0,18,13,0,39,55,0,20,0,0,17,0,24,0,0,0,0,0,0,0,0,0,0,
Data/AUCoding/AU_OCC/F064_T6.csv,135,0,0,0,294,294,0,376,110,227,0,183,15,376,0,0,0,24,21,16,0,0,0,0,0,0,0,0,0,0,0,0,0,0,0,
Data/AUCoding/AU_OCC/F017_T7.csv,4,13,0,0,176,180,0,251,178,179,0,132,0,116,0,0,34,0,0,21,8,0,65,0,0,0,13,0,0,0,0,0,0,0,0,
Data/AUCoding/AU_OCC/M050_T6.csv,0,0,0,0,376,361,0,346,293,376,0,376,56,314,12,0,0,79,0,39,0,0,0,0,0,0,0,0,0,0,0,0,0,0,0,
Data/AUCoding/AU_OCC/F019_T6.csv,0,0,0,0,164,376,0,339,132,153,0,345,0,345,5,0,0,255,0,102,13,0,0,0,0,0,0,0,0,0,0,0,0,0,0,
Data/AUCoding/AU_OCC/M005_T7.csv,353,367,333,374,604,607,337,522,488,519,337,587,356,324,488,324,324,324,342,357,374,324,324,324,324,324,324,324,324,324,324,324,324,324,36,
Data/AUCoding/AU_OCC/M023_T7.csv,0,0,0,0,0,9,0,0,0,0,0,0,0,0,0,0,0,0,0,0,0,0,0,0,0,0,0,0,0,0,0,0,0,0,0,
Data/AUCoding/AU_OCC/F042_T6.csv,37,12,7,0,104,317,0,266,110,162,0,326,0,4,12,0,0,45,0,17,3,0,16,0,0,0,0,0,0,0,0,0,0,0,0,
Data/AUCoding/AU_OCC/M040_T7.csv,151,175,12,0,250,250,0,250,0,204,0,0,23,115,0,0,0,0,0,17,0,0,0,0,0,0,0,0,0,0,0,0,0,0,0,
Data/AUCoding/AU_OCC/M015_T6.csv,54,17,11,0,190,376,0,339,140,367,0,112,13,257,57,0,0,198,0,153,3,0,0,0,0,0,0,0,0,0,0,0,0,0,0,
Data/AUCoding/AU_OCC/F082_T8.csv,0,0,284,0,33,321,0,171,35,239,0,253,0,4,0,0,0,0,0,0,0,0,0,0,0,0,0,0,0,0,0,0,18,0,0,
Data/AUCoding/AU_OCC/F021_T6.csv,154,80,0,0,252,255,0,345,0,276,0,20,0,168,0,0,0,0,0,19,0,0,0,0,0,0,0,0,0,0,0,0,0,0,0,
Data/AUCoding/AU_OCC/F074_T7.csv,0,0,12,0,177,192,0,181,179,191,0,187,14,129,90,0,0,37,16,8,0,0,0,0,0,0,0,0,0,0,0,0,0,0,0,
Data/AUCoding/AU_OCC/F005_T7.csv,121,100,0,0,90,110,21,251,208,251,0,222,183,136,61,0,0,135,15,75,0,0,0,0,0,0,0,0,0,0,0,0,0,0,0,
Data/AUCoding/AU_OCC/F009_T7.csv,0,0,0,0,412,408,0,348,13,354,0,323,29,235,160,0,0,0,0,202,0,0,0,0,0,0,0,0,0,0,0,0,0,0,0,
Data/AUCoding/AU_OCC/F078_T7.csv,64,0,12,0,86,86,13,86,77,86,0,0,0,0,9,0,0,34,0,0,0,0,0,0,0,0,0,0,0,0,0,0,0,0,0,
Data/AUCoding/AU_OCC/F050_T6.csv,130,145,0,0,67,50,0,377,22,173,0,226,0,24,25,0,0,0,0,25,6,0,0,0,0,0,0,0,0,0,0,0,0,0,0,
Data/AUCoding/AU_OCC/M031_T7.csv,0,0,0,0,9,27,0,213,40,36,9,67,60,116,114,0,0,0,31,78,0,0,0,0,0,0,0,0,0,0,0,0,0,0,0,
Data/AUCoding/AU_OCC/M019_T6.csv,0,0,14,0,77,144,0,333,166,352,0,254,168,164,87,0,0,31,81,155,2,0,0,0,0,0,0,0,0,0,0,0,29,11,0,
Data/AUCoding/AU_OCC/M007_T6.csv,51,51,0,0,30,157,0,319,47,363,0,0,50,237,35,0,0,0,24,6,0,0,0,0,0,0,0,0,0,0,0,0,0,0,0,
Data/AUCoding/AU_OCC/M052_T7.csv,23,23,0,0,149,188,0,175,174,172,0,168,0,4,0,0,0,9,0,12,0,0,0,0,0,0,0,0,0,0,0,0,39,0,0,
Data/AUCoding/AU_OCC/F066_T7.csv,0,0,12,15,39,54,0,42,68,86,0,95,15,0,0,0,0,20,0,30,0,0,0,0,0,0,0,0,0,0,0,0,0,0,0,
Data/AUCoding/AU_OCC/F033_T6.csv,152,152,99,99,334,456,99,283,162,331,99,456,177,311,244,99,99,110,173,265,116,99,99,99,99,99,99,99,99,99,99,99,99,99,11,
Data/AUCoding/AU_OCC/F033_T7.csv,14,35,86,0,250,245,57,244,60,220,0,245,100,9,152,0,0,0,13,128,12,0,0,0,0,0,0,0,0,0,0,0,0,0,0,
Data/AUCoding/AU_OCC/F066_T6.csv,0,0,8,0,214,311,0,319,186,266,0,375,49,221,0,0,0,90,0,52,32,0,0,0,0,0,0,0,0,0,0,0,0,0,0,
Data/AUCoding/AU_OCC/M007_T7.csv,0,0,0,0,0,48,0,0,0,0,0,0,0,7,0,0,0,0,0,0,0,0,0,0,0,0,0,0,0,0,0,0,18,0,0,
Data/AUCoding/AU_OCC/M052_T6.csv,55,93,44,10,302,376,56,340,283,376,0,376,130,6,75,32,0,86,33,119,6,0,0,0,0,0,0,0,0,0,0,0,0,24,0,
Data/AUCoding/AU_OCC/F050_T7.csv,250,250,56,0,250,250,20,250,250,250,0,34,0,0,0,0,0,0,0,0,0,0,0,0,0,0,0,0,0,0,0,0,0,0,0,
Data/AUCoding/AU_OCC/M031_T6.csv,0,0,0,0,282,323,0,334,201,264,0,75,35,286,63,0,0,0,23,127,0,0,0,0,0,0,0,0,0,0,0,0,0,0,0,
Data/AUCoding/AU_OCC/F078_T6.csv,0,0,0,0,311,337,21,376,143,376,47,201,67,0,65,0,0,77,6,148,112,0,33,0,14,0,0,0,0,0,0,0,7,0,0,
Data/AUCoding/AU_OCC/M019_T7.csv,0,0,24,0,252,252,29,179,187,252,0,252,159,130,69,0,0,0,0,49,0,0,0,0,0,0,0,0,0,0,0,0,0,0,0,
Data/AUCoding/AU_OCC/F021_T7.csv,251,251,0,0,0,251,0,106,0,27,0,0,0,0,0,0,0,0,6,4,0,0,0,0,0,0,0,0,0,0,0,0,0,0,0,
Data/AUCoding/AU_OCC/F074_T6.csv,30,11,11,0,375,375,114,375,253,375,0,375,37,338,71,0,0,103,0,35,0,0,0,0,0,0,0,0,0,0,0,0,0,0,0,
Data/AUCoding/AU_OCC/F005_T6.csv,180,161,36,0,197,313,0,377,260,311,0,374,178,213,55,0,0,200,40,64,0,0,0,0,0,0,0,0,0,0,0,0,0,0,0,
Data/AUCoding/AU_OCC/M015_T7.csv,0,0,0,0,101,187,0,196,67,193,0,91,0,83,47,0,0,70,15,64,0,0,0,0,0,0,0,0,0,0,0,0,0,0,0,
Data/AUCoding/AU_OCC/F009_T6.csv,0,0,0,81,334,298,0,456,34,257,0,377,0,259,163,0,0,0,24,181,0,0,0,0,0,0,0,0,0,0,0,0,0,0,0,
Data/AUCoding/AU_OCC/M040_T6.csv,62,118,11,0,346,357,6,338,149,215,0,356,5,251,0,0,0,0,0,62,0,0,0,0,0,0,0,0,0,0,0,0,0,0,0,
Data/AUCoding/AU_OCC/F042_T7.csv,81,50,36,31,25,135,20,252,113,229,0,252,8,0,67,0,8,103,0,7,6,0,0,0,70,0,40,0,0,0,0,0,0,0,0,
Data/AUCoding/AU_OCC/M023_T6.csv,18,0,0,0,148,307,0,376,142,0,0,54,105,263,40,9,0,0,113,164,0,0,0,0,0,0,0,0,0,0,0,0,16,0,0,
Data/AUCoding/AU_OCC/F017_T6.csv,49,4,0,0,144,159,0,215,181,203,0,151,0,27,123,0,21,71,6,39,0,0,108,0,0,0,15,0,0,0,0,0,0,0,0,
Data/AUCoding/AU_OCC/M050_T1.csv,0,0,31,0,106,158,0,167,91,144,0,253,146,77,119,0,0,101,0,7,70,0,0,0,0,0,0,0,0,0,0,0,0,0,0,
Data/AUCoding/AU_OCC/F019_T1.csv,0,0,0,0,377,377,86,377,377,301,0,377,185,261,0,18,0,253,0,184,0,0,0,0,103,0,0,0,0,0,0,0,0,0,0,
Data/AUCoding/AU_OCC/M057_T8.csv,0,0,13,8,52,99,24,85,74,52,0,64,0,127,186,17,0,81,0,185,0,0,0,0,92,0,0,0,0,0,0,0,39,0,0,
Data/AUCoding/AU_OCC/F064_T1.csv,13,0,0,0,272,320,0,289,110,271,0,181,10,179,0,0,0,23,0,81,15,0,0,0,0,0,0,0,0,0,0,0,0,0,0,
Data/AUCoding/AU_OCC/F063_T8.csv,73,0,51,0,0,202,0,0,0,0,0,25,0,0,0,0,0,0,0,43,5,0,0,0,0,0,0,0,0,0,0,0,0,0,0,
Data/AUCoding/AU_OCC/M049_T8.csv,0,0,44,0,106,264,67,133,223,157,0,312,44,172,97,27,9,92,0,26,62,0,22,0,0,0,42,27,0,0,0,0,0,0,0,
Data/AUCoding/AU_OCC/M033_T1.csv,17,17,0,0,324,377,0,351,235,315,0,377,0,129,46,0,0,14,0,73,0,0,0,0,0,0,0,0,0,0,0,0,0,0,0,
Data/AUCoding/AU_OCC/M034_T8.csv,0,0,0,0,98,232,0,293,200,188,0,275,0,229,10,0,15,65,26,0,0,0,0,0,95,0,0,0,0,0,0,0,0,0,0,
Data/AUCoding/AU_OCC/F007_T1.csv,0,0,0,0,161,217,0,311,275,259,0,295,18,235,36,0,14,225,0,52,0,0,15,0,0,0,15,0,0,0,0,0,0,0,0,
Data/AUCoding/AU_OCC/M042_T1.csv,25,34,31,0,277,371,0,284,128,287,0,376,0,70,68,0,0,0,17,128,20,0,58,0,0,0,0,0,0,0,0,0,0,0,0,
Data/AUCoding/AU_OCC/M045_T8.csv,13,0,37,0,40,375,0,156,234,74,0,201,0,0,234,0,0,0,0,0,0,0,0,0,0,0,0,0,0,0,0,0,0,0,0,
Data/AUCoding/AU_OCC/F071_T8.csv,375,0,46,0,0,0,0,18,0,0,0,46,0,275,23,0,0,0,0,44,8,0,17,0,0,0,0,0,0,0,0,0,0,0,0,
Data/AUCoding/AU_OCC/F076_T1.csv,48,54,130,0,333,374,69,374,338,374,0,374,0,374,0,0,0,185,0,0,0,0,0,0,0,0,0,0,0,0,0,0,0,0,0,
Data/AUCoding/AU_OCC/M038_T8.csv,0,0,0,0,0,0,0,0,0,0,0,0,0,0,0,0,0,0,0,0,0,0,0,0,0,0,0,0,0,0,0,0,0,0,0,
Data/AUCoding/AU_OCC/F015_T1.csv,60,0,14,0,200,288,68,267,241,274,0,214,25,70,82,0,0,184,6,64,0,0,0,0,0,0,0,0,0,0,0,0,0,23,0,
Data/AUCoding/AU_OCC/F012_T8.csv,16,15,0,0,158,353,0,376,0,158,0,353,51,312,24,0,0,8,0,29,0,0,0,0,0,0,0,0,0,0,0,0,0,0,0,
Data/AUCoding/AU_OCC/F068_T1.csv,30,23,9,0,331,357,81,375,335,375,0,373,86,50,19,23,0,91,8,79,15,0,0,0,74,0,0,0,0,0,0,0,12,10,0,
Data/AUCoding/AU_OCC/M026_T8.csv,0,0,0,0,0,0,8,0,0,0,0,11,0,0,0,0,0,0,0,8,4,0,0,0,0,0,0,0,0,0,0,0,0,0,0,
Data/AUCoding/AU_OCC/M021_T1.csv,16,0,0,0,146,144,0,146,148,147,0,152,28,141,250,0,0,127,20,25,0,0,0,0,0,0,0,0,0,0,0,0,7,0,0,
Data/AUCoding/AU_OCC/F047_T8.csv,0,0,298,7,52,89,29,82,93,8,0,132,30,154,43,0,30,54,26,43,8,9,30,0,240,0,43,0,0,0,0,0,60,0,0,
Data/AUCoding/AU_OCC/F040_T1.csv,0,0,0,0,221,315,0,376,211,305,0,376,0,86,0,0,0,0,4,28,0,0,0,0,0,0,0,0,0,0,0,0,0,0,0,
Data/AUCoding/AU_OCC/M009_T1.csv,0,0,0,0,329,336,22,326,306,272,0,245,32,161,21,0,14,173,6,37,0,0,23,0,0,0,0,0,0,0,0,0,0,0,0,
Data/AUCoding/AU_OCC/F024_T8.csv,0,0,0,0,0,48,0,0,0,0,0,13,0,0,0,0,0,0,0,10,0,0,0,0,0,0,0,0,0,0,0,0,0,0,0,
Data/AUCoding/AU_OCC/F023_T1.csv,0,0,0,0,305,376,0,376,234,310,0,347,57,0,118,0,0,123,0,206,141,0,0,0,0,0,0,0,0,0,0,0,0,0,0,
Data/AUCoding/AU_OCC/M017_T1.csv,0,0,0,0,375,375,0,375,375,340,0,295,57,264,62,0,0,188,8,16,0,0,0,0,0,0,0,0,0,0,0,0,0,0,0,
Data/AUCoding/AU_OCC/F059_T8.csv,0,0,0,0,0,12,0,0,0,0,0,0,0,0,12,0,0,0,0,0,11,0,0,0,0,0,0,0,0,0,0,0,0,0,0,
Data/AUCoding/AU_OCC/M010_T8.csv,0,9,0,0,0,335,0,29,0,14,0,0,0,53,69,0,0,0,0,0,0,0,0,0,0,0,0,0,0,0,0,0,74,0,0,
Data/AUCoding/AU_OCC/F028_T8.csv,0,28,0,0,0,147,0,135,0,32,0,291,188,5,167,0,0,15,9,233,28,0,0,0,0,0,0,0,0,0,0,0,23,0,0,
Data/AUCoding/AU_OCC/F055_T8.csv,16,0,0,0,163,219,0,376,213,0,0,216,0,376,0,0,0,376,0,0,0,0,0,0,0,0,0,0,0,0,0,0,0,0,0,
Data/AUCoding/AU_OCC/F031_T1.csv,0,0,0,0,376,376,0,376,376,376,0,376,0,55,0,0,0,196,6,0,0,0,0,0,0,0,0,0,0,0,0,0,0,0,0,
Data/AUCoding/AU_OCC/F052_T1.csv,136,124,130,0,103,93,0,144,79,29,0,0,0,359,16,0,0,0,39,9,0,0,0,0,0,0,0,0,0,0,0,0,0,0,0,
Data/AUCoding/AU_OCC/F036_T8.csv,0,0,0,0,0,0,0,0,0,0,0,0,0,0,0,0,0,0,0,0,0,0,0,0,0,0,0,0,0,0,0,0,0,0,0,
Data/AUCoding/AU_OCC/M011_T7.csv,44,0,0,0,64,251,0,194,251,73,0,0,6,0,0,0,0,0,0,0,0,0,0,0,0,0,0,0,0,0,0,0,0,0,0,
Data/AUCoding/AU_OCC/M044_T6.csv,0,0,0,0,302,375,56,370,313,375,0,217,6,325,6,0,21,112,44,14,2,0,0,0,64,0,0,0,0,0,0,0,0,0,0,
Data/AUCoding/AU_OCC/M005_T1.csv,0,0,0,0,209,502,0,153,0,356,0,371,19,6,12,0,0,0,13,39,7,0,24,0,0,0,37,0,0,0,0,0,0,0,0,
Data/AUCoding/AU_OCC/M002_T8.csv,0,0,0,0,0,7,3,198,141,86,0,317,0,0,13,0,0,0,0,90,0,0,0,0,0,0,0,0,0,0,0,0,0,0,0,
Data/AUCoding/AU_OCC/F058_T7.csv,16,11,0,0,183,251,0,180,0,91,0,251,56,0,175,0,0,0,0,0,0,0,0,0,0,0,0,0,0,0,0,0,0,0,0,
Data/AUCoding/AU_OCC/F046_T7.csv,165,140,5,0,162,250,0,143,133,111,0,250,31,37,28,0,0,52,7,77,76,0,0,0,0,0,0,0,0,0,0,0,0,0,0,
Data/AUCoding/AU_OCC/M039_T6.csv,147,147,108,108,451,463,108,463,272,418,108,463,117,283,127,108,108,144,108,157,113,108,119,108,108,108,108,108,108,108,108,108,108,108,12,
Data/AUCoding/AU_OCC/F070_T6.csv,0,0,0,0,229,325,0,361,242,375,0,371,182,225,45,0,4,179,8,138,19,0,0,0,83,0,0,0,0,0,0,0,0,0,0,
Data/AUCoding/AU_OCC/F025_T7.csv,9,9,0,0,23,192,0,184,57,248,0,251,100,23,42,0,9,7,0,159,6,0,0,0,0,0,0,0,0,0,0,0,0,0,0,
Data/AUCoding/AU_OCC/F013_T6.csv,26,33,31,0,271,271,76,0,0,271,0,271,147,189,48,0,0,190,0,98,23,0,20,0,0,0,0,0,0,0,0,0,0,0,0,
Data/AUCoding/AU_OCC/M027_T6.csv,0,0,0,0,0,0,0,189,0,161,0,243,0,166,136,0,0,29,59,186,0,0,0,0,0,0,0,0,0,0,0,0,0,0,0,
Data/AUCoding/AU_OCC/F037_T7.csv,197,225,0,0,169,199,3,251,168,170,0,164,75,0,75,0,0,45,0,52,43,0,0,0,172,0,0,0,0,0,0,0,0,0,0,
Data/AUCoding/AU_OCC/F062_T6.csv,46,50,0,0,324,376,177,376,369,376,0,351,37,323,25,0,0,80,6,27,10,0,0,0,31,0,0,0,0,0,0,0,26,0,0,
Data/AUCoding/AU_OCC/M056_T6.csv,64,117,0,0,278,319,0,333,273,280,0,282,0,305,33,0,9,0,6,16,0,0,30,0,12,0,10,0,0,0,0,5,0,17,0,
Data/AUCoding/AU_OCC/M003_T7.csv,0,0,0,0,501,501,0,501,348,501,0,501,8,125,4,0,5,112,0,32,0,0,0,0,0,0,0,0,0,0,0,0,0,0,0,
Data/AUCoding/AU_OCC/F029_T7.csv,0,0,3,0,252,252,74,252,252,252,0,252,0,66,156,0,0,53,0,18,0,0,0,0,0,0,0,0,0,0,0,0,0,0,0,
Data/AUCoding/AU_OCC/F054_T7.csv,56,51,17,54,35,81,0,125,46,54,0,251,31,38,60,0,12,0,0,0,14,0,21,0,0,0,0,0,0,0,0,0,0,0,0,
Data/AUCoding/AU_OCC/M035_T6.csv,144,0,144,0,6,144,0,49,0,0,0,70,42,7,53,0,0,0,14,35,0,0,0,0,0,0,0,0,0,0,0,0,0,0,0,
Data/AUCoding/AU_OCC/M048_T6.csv,125,205,56,0,15,36,0,55,31,252,0,329,0,48,31,0,0,0,60,138,0,0,0,0,0,0,0,0,0,0,0,0,0,0,0,
Data/AUCoding/AU_OCC/F001_T6.csv,17,21,122,0,318,321,0,367,165,235,0,363,38,42,98,28,5,55,39,236,41,0,0,0,0,0,0,0,0,0,0,0,0,0,0,
Data/AUCoding/AU_OCC/M035_T7.csv,0,0,0,0,181,251,0,251,251,251,0,251,0,166,0,0,0,167,0,0,0,0,0,0,0,0,0,0,0,0,0,0,0,0,0,
Data/AUCoding/AU_OCC/F001_T7.csv,0,0,53,0,172,252,0,252,154,216,0,252,85,60,38,0,0,14,0,101,40,0,0,0,156,0,0,0,0,0,0,0,0,0,0,
Data/AUCoding/AU_OCC/F029_T6.csv,0,0,0,0,375,375,20,375,375,375,0,375,75,235,65,0,0,280,42,92,0,0,0,0,0,0,0,0,0,0,0,0,0,0,0,
Data/AUCoding/AU_OCC/M048_T7.csv,0,0,5,0,26,98,0,251,148,26,0,251,0,0,0,0,0,0,0,0,0,0,0,0,0,0,0,0,0,0,0,0,13,0,0,
Data/AUCoding/AU_OCC/F054_T6.csv,34,11,7,52,27,107,0,288,103,208,0,371,250,286,77,10,0,103,0,59,54,0,59,0,20,0,0,0,0,0,0,0,31,0,0,
Data/AUCoding/AU_OCC/F062_T7.csv,117,209,13,0,40,169,9,40,53,167,0,232,11,8,14,0,0,0,9,24,31,0,0,0,0,0,0,0,0,0,0,0,25,0,0,
Data/AUCoding/AU_OCC/M056_T7.csv,0,0,0,0,0,8,0,211,0,38,0,251,0,0,23,0,0,0,0,0,0,0,0,0,0,0,0,0,0,0,0,0,0,0,0,
Data/AUCoding/AU_OCC/F037_T6.csv,0,0,264,0,376,376,189,376,0,322,0,311,11,267,0,0,0,0,0,11,0,0,0,0,0,0,0,0,0,0,0,0,0,0,0,
Data/AUCoding/AU_OCC/M027_T7.csv,19,6,5,0,0,30,0,65,0,28,0,0,0,0,15,0,0,0,0,4,0,0,0,0,0,0,0,0,0,0,0,0,0,0,0,
Data/AUCoding/AU_OCC/F013_T7.csv,5,19,20,0,251,219,22,235,251,251,0,251,136,110,28,0,0,96,0,94,88,0,36,0,0,0,0,0,0,0,0,0,0,0,0,
Data/AUCoding/AU_OCC/M003_T6.csv,0,0,0,0,287,502,0,483,158,489,0,452,22,85,50,0,0,20,0,115,0,0,0,0,0,0,0,0,0,0,0,0,0,0,0,
Data/AUCoding/AU_OCC/F046_T6.csv,177,121,0,0,376,376,28,364,160,319,0,367,91,264,0,0,0,250,0,108,18,0,0,0,0,0,0,0,0,0,0,0,11,0,0,
Data/AUCoding/AU_OCC/M039_T7.csv,39,33,26,0,219,251,11,252,156,150,0,252,0,252,0,0,0,40,0,0,0,0,0,0,0,0,0,0,0,0,0,0,0,0,0,
Data/AUCoding/AU_OCC/F025_T6.csv,22,0,0,0,302,377,0,153,320,367,0,377,43,158,75,0,30,0,0,134,0,0,0,0,0,0,0,0,0,0,0,0,0,0,0,
Data/AUCoding/AU_OCC/F070_T7.csv,0,0,0,0,0,10,0,250,0,158,0,250,10,0,0,0,0,0,0,22,0,0,0,0,0,0,0,0,0,0,0,0,0,0,0,
Data/AUCoding/AU_OCC/F058_T6.csv,146,152,0,0,376,376,63,376,369,376,0,376,54,337,46,0,0,252,16,46,0,0,0,0,88,0,0,0,0,0,0,0,20,0,0,
Data/AUCoding/AU_OCC/M011_T6.csv,197,123,292,0,377,377,141,377,201,377,0,123,160,227,22,0,0,0,46,78,5,0,0,0,0,0,0,0,0,0,0,0,38,0,0,
Data/AUCoding/AU_OCC/M044_T7.csv,0,0,0,0,251,251,0,251,57,251,0,251,0,229,0,0,0,90,0,14,0,0,0,0,0,0,0,0,0,0,0,0,0,0,0,
Data/AUCoding/AU_OCC/F081_T1.csv,31,40,0,0,306,376,0,222,38,376,5,93,85,68,141,0,15,95,0,24,49,0,71,0,10,0,15,0,0,0,0,0,18,0,0,
Data/AUCoding/AU_OCC/M018_T8.csv,0,0,20,0,16,376,0,376,21,0,0,303,0,0,83,0,0,0,0,32,33,0,32,0,0,0,0,0,0,0,0,0,0,0,0,
Data/AUCoding/AU_OCC/F051_T8.csv,335,0,347,0,376,365,32,376,376,336,0,376,0,0,15,0,0,0,0,9,34,0,0,0,0,23,0,0,0,0,0,0,149,0,0,
Data/AUCoding/AU_OCC/F056_T1.csv,227,234,135,135,411,413,135,405,415,405,135,434,284,306,219,135,135,135,163,277,182,135,135,135,135,135,135,135,135,135,135,135,135,135,15,
Data/AUCoding/AU_OCC/F048_T1.csv,0,0,0,0,376,354,171,376,376,376,0,376,0,20,0,0,0,0,0,0,0,0,0,0,0,0,0,0,0,0,0,0,0,0,0,
Data/AUCoding/AU_OCC/M006_T8.csv,0,0,0,0,12,500,8,464,0,19,0,121,36,12,59,0,0,5,0,124,87,0,0,0,0,43,0,5,24,0,0,0,7,5,0,
Data/AUCoding/AU_OCC/M001_T1.csv,0,0,0,0,476,501,0,324,199,230,0,110,69,346,56,3,0,19,0,60,25,0,0,0,0,0,0,0,0,0,0,0,0,0,0,
Data/AUCoding/AU_OCC/F035_T1.csv,0,0,0,0,376,376,0,376,0,376,0,376,30,20,0,0,0,8,13,135,0,0,0,0,0,0,0,0,0,0,0,0,0,0,0,
Data/AUCoding/AU_OCC/F032_T8.csv,13,0,90,0,57,281,49,0,0,0,0,135,0,0,93,0,0,0,0,133,40,0,239,0,0,0,37,0,0,0,0,0,0,0,0,
Data/AUCoding/AU_OCC/F043_T8.csv,217,222,205,0,0,0,0,0,0,0,0,15,0,0,0,0,0,0,0,0,0,0,0,0,0,0,0,0,0,0,0,0,0,0,0,
Data/AUCoding/AU_OCC/F044_T1.csv,0,0,0,0,285,271,0,294,293,295,0,352,158,20,278,0,0,57,0,213,106,0,32,0,17,0,0,0,0,0,0,0,45,0,0,
Data/AUCoding/AU_OCC/F039_T1.csv,52,60,54,19,376,376,181,376,376,376,0,376,31,350,0,0,0,312,0,28,0,0,0,0,0,0,0,0,0,0,0,0,0,0,0,
Data/AUCoding/AU_OCC/M013_T1.csv,0,0,0,0,375,375,0,185,183,187,0,375,24,351,18,0,5,106,3,21,0,0,0,0,0,0,0,0,0,0,0,0,0,0,0,
Data/AUCoding/AU_OCC/M014_T8.csv,6,8,0,0,94,375,0,375,0,375,0,357,34,10,28,0,5,7,10,333,269,0,261,0,0,0,0,0,0,0,0,0,0,0,0,
Data/AUCoding/AU_OCC/F020_T8.csv,0,0,8,0,13,8,0,20,19,85,0,51,0,88,0,0,0,16,0,0,0,0,0,0,0,0,0,0,0,0,0,0,0,0,0,
Data/AUCoding/AU_OCC/F027_T1.csv,112,175,0,0,252,376,0,376,357,335,0,357,316,37,110,0,5,34,11,226,0,0,0,0,6,0,0,0,0,0,0,0,0,6,0,
Data/AUCoding/AU_OCC/F075_T8.csv,0,0,296,0,361,361,0,291,122,125,0,325,0,155,0,0,0,41,0,177,0,0,0,0,0,0,0,0,0,0,0,0,0,0,0,
Data/AUCoding/AU_OCC/M046_T1.csv,35,36,9,0,212,153,0,153,140,247,0,199,22,255,0,0,0,68,0,21,6,0,0,0,19,0,0,0,0,0,0,0,0,0,0,
Data/AUCoding/AU_OCC/F072_T1.csv,0,0,0,0,324,375,258,329,325,329,0,375,129,85,103,10,0,117,0,62,7,0,0,0,0,0,0,0,0,0,0,0,0,0,0,
Data/AUCoding/AU_OCC/M041_T8.csv,0,0,0,0,376,376,0,376,376,376,0,376,0,0,0,0,0,0,0,0,0,0,0,0,0,0,0,0,0,0,0,0,0,0,0,
Data/AUCoding/AU_OCC/F008_T8.csv,0,0,21,0,0,65,22,501,56,501,0,65,25,54,0,0,0,57,0,8,0,0,0,0,0,0,0,0,0,0,0,0,0,0,0,
Data/AUCoding/AU_OCC/M022_T8.csv,73,63,7,0,0,12,0,11,0,0,0,0,0,0,14,0,0,0,0,15,0,0,0,0,0,74,0,0,0,0,0,0,21,0,0,
Data/AUCoding/AU_OCC/M025_T1.csv,0,0,0,0,254,255,47,350,260,350,0,350,0,0,29,0,0,52,0,142,0,0,0,0,77,0,0,0,0,0,0,0,0,0,0,
Data/AUCoding/AU_OCC/M058_T1.csv,0,0,0,0,178,198,0,266,192,281,0,236,7,127,0,6,0,105,16,39,7,0,0,0,0,13,0,0,0,0,0,0,0,0,0,
Data/AUCoding/AU_OCC/F016_T8.csv,0,0,0,0,0,0,0,0,0,0,0,234,0,0,28,0,0,0,0,235,29,0,0,0,0,0,0,0,0,0,0,0,0,0,0,
Data/AUCoding/AU_OCC/F011_T1.csv,187,0,0,0,102,488,0,427,427,366,0,471,31,366,130,0,0,312,0,133,0,0,0,0,0,0,0,0,0,0,0,0,0,0,0,
Data/AUCoding/AU_OCC/M029_T1.csv,0,0,0,0,313,314,0,298,233,313,0,24,0,122,16,0,0,0,0,43,0,0,0,0,0,0,0,0,0,0,0,0,0,0,0,
Data/AUCoding/AU_OCC/F060_T1.csv,0,0,0,0,343,343,24,343,337,343,0,343,3,134,0,0,0,140,5,36,0,0,0,0,0,0,0,0,0,0,0,0,0,0,0,
Data/AUCoding/AU_OCC/F067_T8.csv,0,0,71,0,0,52,0,0,0,0,0,327,0,0,19,23,0,0,0,32,0,0,0,0,0,0,0,0,0,0,0,0,0,0,0,
Data/AUCoding/AU_OCC/M053_T8.csv,267,25,22,0,7,37,14,58,0,33,0,91,0,24,58,0,25,0,33,104,13,0,76,0,0,0,0,33,0,0,0,0,0,0,0,
Data/AUCoding/AU_OCC/M054_T1.csv,0,0,15,0,353,349,0,375,375,359,0,375,33,347,27,0,0,118,5,35,12,0,7,0,0,0,0,0,0,0,0,0,0,0,0,
Data/AUCoding/AU_OCC/M037_T1.csv,0,0,0,0,284,313,24,336,324,315,0,322,7,324,0,0,0,120,43,0,0,0,0,0,30,0,0,0,0,0,0,0,0,0,0,
Data/AUCoding/AU_OCC/M030_T8.csv,0,0,104,0,0,38,0,0,10,0,0,0,0,0,0,0,0,0,0,0,0,0,0,0,0,0,0,0,0,0,0,0,0,0,0,
Data/AUCoding/AU_OCC/F079_T8.csv,0,0,51,0,211,343,55,329,125,291,0,257,51,0,0,0,0,0,0,242,112,0,36,0,40,0,0,0,0,0,0,0,0,0,0,
Data/AUCoding/AU_OCC/F004_T8.csv,28,25,6,0,41,8,0,174,89,100,0,192,57,10,21,0,0,12,0,0,40,0,0,0,0,0,0,0,0,0,0,0,0,0,0,
Data/AUCoding/AU_OCC/F003_T1.csv,0,0,24,0,243,333,0,295,94,337,0,25,0,290,0,0,0,0,0,13,0,0,0,0,0,0,0,0,0,0,0,0,0,0,0,
Data/AUCoding/AU_OCC/F058_T1.csv,0,0,11,0,375,375,0,375,286,368,0,375,12,293,35,0,0,38,0,76,0,0,0,0,0,0,0,0,0,0,0,0,0,0,0,
Data/AUCoding/AU_OCC/F081_T6.csv,0,358,0,0,376,376,0,376,0,376,0,0,0,0,0,0,0,0,0,0,0,0,0,0,0,0,0,0,0,0,0,0,0,0,0,
Data/AUCoding/AU_OCC/M011_T1.csv,4,4,0,0,376,376,0,376,359,376,0,17,0,306,8,0,0,0,0,9,0,0,0,0,0,0,0,0,0,0,0,0,0,0,0,
Data/AUCoding/AU_OCC/F022_T8.csv,0,0,0,0,0,0,0,0,0,0,0,103,0,0,23,0,0,0,0,48,37,0,0,0,24,18,0,0,0,0,0,0,0,0,0,
Data/AUCoding/AU_OCC/M016_T8.csv,0,0,27,0,0,0,0,17,0,0,0,43,0,197,0,86,5,31,0,158,0,0,17,0,236,0,0,0,0,0,0,0,34,0,0,
Data/AUCoding/AU_OCC/F025_T1.csv,0,0,0,0,285,301,143,269,261,297,0,374,48,181,78,0,22,136,0,96,305,0,33,0,33,0,0,0,0,0,0,0,0,0,0,
Data/AUCoding/AU_OCC/F046_T1.csv,20,51,0,0,375,375,0,375,375,375,0,375,48,204,0,0,0,146,9,15,0,0,0,0,0,0,0,0,0,0,0,0,0,0,0,
Data/AUCoding/AU_OCC/F041_T8.csv,0,0,3,0,0,207,0,63,0,0,0,223,29,44,58,0,0,0,0,91,45,0,97,0,0,0,0,0,24,0,0,0,98,0,0,
Data/AUCoding/AU_OCC/M008_T8.csv,0,0,0,0,0,0,0,0,0,0,0,23,0,0,26,0,0,0,0,0,11,0,0,0,0,0,0,0,0,0,0,0,0,0,0,
Data/AUCoding/AU_OCC/F037_T1.csv,49,0,0,0,376,376,0,303,0,285,0,376,33,243,20,0,0,0,0,49,0,0,0,0,0,0,0,0,0,0,0,0,0,0,0,
Data/AUCoding/AU_OCC/M004_T8.csv,45,46,0,23,0,7,0,0,0,0,0,74,0,19,0,0,0,0,0,5,0,0,0,0,0,0,0,0,0,0,0,0,32,0,0,
Data/AUCoding/AU_OCC/M003_T1.csv,23,0,0,0,393,492,0,481,0,489,0,489,0,21,6,0,0,0,8,8,3,0,0,0,0,0,0,0,0,0,0,0,0,0,0,
Data/AUCoding/AU_OCC/F053_T8.csv,45,34,0,0,0,0,0,0,0,0,0,116,17,0,0,0,0,0,0,56,0,0,42,0,0,0,0,0,0,0,0,0,0,0,0,
Data/AUCoding/AU_OCC/F030_T8.csv,0,0,0,0,0,0,0,93,0,3,23,272,0,0,40,145,14,0,144,254,0,94,39,0,38,0,29,0,0,0,0,0,29,0,0,
Data/AUCoding/AU_OCC/F054_T1.csv,0,0,0,0,262,376,0,322,275,372,0,376,159,240,58,0,0,187,0,66,14,0,0,0,0,0,31,0,0,0,0,0,0,0,0,
Data/AUCoding/AU_OCC/F029_T1.csv,0,0,0,0,363,363,63,363,363,363,0,363,0,340,0,0,0,242,0,0,0,0,0,0,0,0,0,0,0,0,0,0,0,0,0,
Data/AUCoding/AU_OCC/M035_T1.csv,0,89,0,0,251,325,0,279,229,241,0,298,0,212,102,0,0,211,17,0,18,0,0,0,0,0,0,0,0,0,0,0,0,0,0,
Data/AUCoding/AU_OCC/M048_T1.csv,0,0,0,0,267,272,0,276,185,271,0,271,0,0,167,0,0,0,0,112,0,0,0,0,0,0,0,0,0,0,0,0,0,0,0,
Data/AUCoding/AU_OCC/M032_T8.csv,0,0,0,43,0,0,0,50,0,0,0,17,0,0,0,0,0,0,0,0,0,0,0,0,0,0,0,0,0,0,0,0,0,0,0,
Data/AUCoding/AU_OCC/F006_T8.csv,46,0,0,0,0,0,0,0,0,21,0,0,0,0,0,0,0,0,0,0,0,0,0,0,0,0,0,0,0,0,0,0,0,0,0,
Data/AUCoding/AU_OCC/F001_T1.csv,17,59,52,0,344,347,0,347,317,0,0,0,0,55,16,0,0,40,0,159,70,0,0,0,0,0,0,0,0,0,0,0,0,7,0,
Data/AUCoding/AU_OCC/F062_T1.csv,23,18,171,0,321,368,219,365,324,366,0,372,22,294,12,0,0,224,3,13,0,0,0,0,27,0,0,0,0,0,0,0,0,0,0,
Data/AUCoding/AU_OCC/M051_T8.csv,0,0,19,0,0,30,0,15,16,0,0,0,0,11,0,0,0,0,0,0,0,0,0,0,0,0,0,0,0,0,0,0,0,0,0,
Data/AUCoding/AU_OCC/F065_T8.csv,0,0,0,0,0,0,0,0,0,0,0,0,0,0,0,0,0,0,0,0,0,0,0,0,0,0,0,0,0,0,0,0,0,0,0,
Data/AUCoding/AU_OCC/F018_T8.csv,0,0,0,0,0,0,0,0,0,61,0,66,34,0,0,0,0,0,0,94,14,0,0,0,0,0,0,0,0,0,0,0,0,0,0,
Data/AUCoding/AU_OCC/M056_T1.csv,41,30,0,0,194,354,0,196,171,171,0,190,61,82,7,12,0,0,4,42,0,0,0,0,0,0,0,0,0,0,0,0,0,0,0,
Data/AUCoding/AU_OCC/F069_T8.csv,0,0,0,0,0,0,0,0,0,0,0,31,0,0,0,0,0,0,0,11,12,0,0,0,0,0,0,0,0,0,0,0,0,0,0,
Data/AUCoding/AU_OCC/M027_T1.csv,0,0,0,0,244,244,0,197,200,246,0,76,33,183,43,0,8,165,3,64,9,0,12,0,11,0,0,0,0,0,0,0,0,20,0,
Data/AUCoding/AU_OCC/M020_T8.csv,0,0,0,0,0,5,0,58,21,0,0,160,34,0,54,0,0,0,0,161,127,0,97,0,12,0,0,0,0,0,0,0,0,0,0,
Data/AUCoding/AU_OCC/F013_T1.csv,6,0,26,0,286,286,26,303,294,291,0,349,137,204,30,0,0,172,4,85,0,0,0,0,0,0,0,0,0,0,0,0,0,0,0,
Data/AUCoding/AU_OCC/F014_T8.csv,0,0,0,0,0,369,0,0,0,0,0,48,14,0,369,0,0,0,0,79,7,0,0,0,0,0,0,0,0,0,0,0,0,0,0,
Data/AUCoding/AU_OCC/F077_T8.csv,0,0,0,0,0,0,0,0,0,0,0,21,0,0,325,0,0,0,0,10,0,0,0,0,0,0,0,0,0,0,0,0,0,0,0,
Data/AUCoding/AU_OCC/M039_T1.csv,72,71,0,0,209,345,0,345,167,241,0,345,21,215,0,0,0,0,0,40,0,0,0,0,0,0,0,0,0,0,0,0,0,0,0,
Data/AUCoding/AU_OCC/F070_T1.csv,0,18,0,0,341,376,0,376,333,376,0,376,185,230,25,0,0,152,37,131,28,0,0,0,133,0,0,0,0,0,0,0,0,0,0,
Data/AUCoding/AU_OCC/F081_T7.csv,48,43,5,0,168,115,0,221,173,231,0,16,0,0,101,0,0,0,0,0,0,0,0,0,0,0,0,0,0,0,0,0,0,0,0,
Data/AUCoding/AU_OCC/M043_T8.csv,60,60,0,0,0,0,0,0,0,0,0,46,0,20,12,0,0,10,0,36,9,0,25,0,0,0,0,0,0,0,0,0,17,0,0,
Data/AUCoding/AU_OCC/M044_T1.csv,24,22,0,0,268,344,0,255,212,303,0,358,0,313,0,0,0,0,11,93,0,0,19,0,0,0,0,0,0,0,0,0,0,0,0,
Data/AUCoding/AU_OCC/F056_T7.csv,0,0,9,0,0,182,0,156,91,0,0,218,0,115,0,0,12,0,3,29,15,0,15,0,0,0,0,0,0,0,0,0,13,0,0,
Data/AUCoding/AU_OCC/F003_T6.csv,0,0,14,105,142,376,0,376,111,376,0,142,68,165,77,0,0,8,24,58,0,0,0,0,0,0,0,0,0,0,0,0,0,0,0,
Data/AUCoding/AU_OCC/F048_T7.csv,207,210,144,149,210,281,144,371,371,371,144,342,165,198,148,144,144,144,144,165,159,144,144,144,144,144,144,144,144,144,144,144,144,144,16,
Data/AUCoding/AU_OCC/M054_T6.csv,158,131,114,0,292,294,0,365,284,374,0,226,99,327,52,0,11,0,0,56,0,0,0,0,0,0,0,0,0,0,0,0,0,0,0,
Data/AUCoding/AU_OCC/F035_T7.csv,119,101,42,0,18,252,8,252,0,104,0,252,0,0,9,0,0,0,0,0,0,0,0,0,0,0,0,0,0,0,0,0,0,0,0,
Data/AUCoding/AU_OCC/M001_T7.csv,18,23,0,0,472,500,0,419,156,489,0,299,47,202,73,0,0,16,12,79,15,0,0,0,0,0,0,0,0,0,0,0,0,0,0,
Data/AUCoding/AU_OCC/M029_T6.csv,7,20,0,0,322,376,0,336,118,376,0,101,105,203,95,0,0,0,9,43,0,0,0,0,0,0,0,0,0,0,0,0,0,0,0,
Data/AUCoding/AU_OCC/M037_T6.csv,0,20,11,0,308,377,0,345,142,332,0,368,0,289,0,0,0,0,45,17,0,0,0,0,0,0,0,0,0,0,0,0,0,0,0,
Data/AUCoding/AU_OCC/F060_T6.csv,20,6,12,0,242,267,12,371,232,376,0,277,0,179,63,0,0,167,113,125,48,0,0,0,0,0,0,0,0,0,0,0,0,0,0,
Data/AUCoding/AU_OCC/F044_T7.csv,0,179,5,0,143,238,7,72,0,23,0,252,15,0,81,0,0,0,0,75,13,0,0,0,0,0,0,0,0,0,0,0,0,0,0,
Data/AUCoding/AU_OCC/M058_T6.csv,0,0,0,0,0,241,0,375,34,269,0,280,0,90,0,0,0,0,10,70,0,0,0,0,13,0,0,0,0,0,0,0,0,0,0,
Data/AUCoding/AU_OCC/F011_T6.csv,152,49,74,0,333,429,0,408,114,391,0,439,40,442,69,4,0,359,32,78,24,0,0,0,0,0,0,0,0,0,0,0,10,0,0,
Data/AUCoding/AU_OCC/F039_T7.csv,63,36,82,0,250,250,70,250,186,250,0,250,109,95,33,0,0,77,0,130,34,0,39,0,22,0,0,0,0,0,0,0,0,13,0,
Data/AUCoding/AU_OCC/M013_T7.csv,0,0,0,0,0,80,0,0,0,0,0,70,0,190,23,0,0,12,10,0,0,0,16,0,0,20,0,0,0,0,0,0,0,0,0,
Data/AUCoding/AU_OCC/M025_T6.csv,0,0,0,0,235,264,0,350,240,102,0,322,0,26,56,54,0,0,28,289,0,0,0,0,0,0,0,0,0,0,0,0,0,0,0,
Data/AUCoding/AU_OCC/F027_T7.csv,28,28,25,0,196,216,0,200,201,200,0,208,149,9,125,0,15,0,0,109,31,0,0,0,0,0,0,0,0,0,0,0,0,0,0,
Data/AUCoding/AU_OCC/F072_T7.csv,36,0,0,0,68,177,0,59,63,151,0,104,103,0,56,0,0,0,0,30,31,0,0,0,0,0,0,0,0,0,0,0,0,0,0,
Data/AUCoding/AU_OCC/M046_T6.csv,126,128,0,0,191,375,0,366,206,329,0,261,41,344,0,0,0,64,9,0,0,0,0,0,0,0,0,0,0,0,0,0,0,0,0,
Data/AUCoding/AU_OCC/F072_T6.csv,9,0,0,0,306,377,0,377,265,325,0,372,0,222,0,0,0,0,0,18,0,0,0,0,0,0,0,0,0,0,0,0,0,0,0,
Data/AUCoding/AU_OCC/M046_T7.csv,49,46,14,0,99,180,0,113,94,13,0,229,0,191,0,0,0,20,0,0,0,0,0,0,0,0,0,0,0,0,0,0,0,0,0,
Data/AUCoding/AU_OCC/F027_T6.csv,36,27,8,0,288,376,0,369,330,285,0,307,272,24,102,8,30,76,41,258,58,0,13,0,0,0,0,0,0,0,0,0,0,71,0,
Data/AUCoding/AU_OCC/M025_T7.csv,0,0,0,0,0,19,0,250,250,250,0,250,0,0,0,0,0,0,0,94,0,0,0,0,0,0,0,0,0,0,0,0,0,0,0,
Data/AUCoding/AU_OCC/M013_T6.csv,115,121,0,0,277,263,0,302,0,111,0,202,0,197,36,4,0,0,13,97,45,0,0,0,0,0,0,0,0,0,0,0,0,0,0,
Data/AUCoding/AU_OCC/F039_T6.csv,149,146,73,0,358,375,0,369,362,375,0,375,47,334,0,0,0,155,0,87,0,0,0,0,0,0,0,0,0,0,0,0,0,0,0,
Data/AUCoding/AU_OCC/M058_T7.csv,4,0,105,0,21,177,20,29,0,0,0,87,0,7,0,0,0,0,8,16,0,0,0,0,0,0,0,0,0,0,0,0,0,0,0,
Data/AUCoding/AU_OCC/F044_T6.csv,118,101,26,0,377,377,0,374,370,377,0,377,13,18,23,0,0,370,3,21,0,0,0,0,0,0,0,0,0,0,0,0,21,0,0,
Data/AUCoding/AU_OCC/F060_T7.csv,21,22,0,0,159,251,0,251,206,251,0,140,0,3,0,10,0,15,39,70,6,0,0,0,0,0,0,0,0,0,0,0,0,0,0,
Data/AUCoding/AU_OCC/M029_T7.csv,0,0,0,0,219,250,0,75,37,229,0,20,13,12,30,0,0,0,0,41,6,0,0,0,0,10,0,0,0,0,0,0,27,0,0,
Data/AUCoding/AU_OCC/F011_T7.csv,378,339,6,21,443,502,0,465,393,502,0,502,79,442,61,0,33,408,38,108,0,0,35,0,0,0,0,0,0,0,0,0,0,0,0,
Data/AUCoding/AU_OCC/M054_T7.csv,244,244,227,0,250,250,0,250,250,235,0,250,187,100,143,0,0,19,17,58,0,0,11,0,0,0,6,0,0,0,0,0,0,0,0,
Data/AUCoding/AU_OCC/F035_T6.csv,25,12,14,15,377,377,0,361,145,315,0,326,16,126,53,0,0,0,13,108,0,0,0,0,0,0,0,0,0,0,0,0,0,0,0,
Data/AUCoding/AU_OCC/F048_T6.csv,0,0,0,0,275,301,27,376,309,342,32,376,0,0,65,0,0,57,19,162,84,0,21,0,10,0,0,0,0,0,0,0,0,0,0,
Data/AUCoding/AU_OCC/M037_T7.csv,43,0,0,0,213,192,0,213,34,170,0,218,0,81,30,0,0,0,11,0,0,0,0,0,0,0,0,0,0,0,0,0,0,0,0,
Data/AUCoding/AU_OCC/F003_T7.csv,63,27,9,0,120,64,0,250,130,250,0,132,0,97,0,0,0,0,0,0,0,0,0,0,0,0,0,0,0,0,0,0,0,0,0,
Data/AUCoding/AU_OCC/M001_T6.csv,0,0,0,0,367,500,0,476,0,478,0,200,33,328,50,0,0,0,0,141,0,0,0,0,0,0,0,0,0,0,0,0,0,0,0,
Data/AUCoding/AU_OCC/F056_T6.csv,137,51,0,0,205,304,55,175,174,181,0,277,138,80,106,6,18,68,10,177,109,0,41,0,0,0,0,0,0,0,0,0,38,13,0,
